Book ID,Title,Authors,Stars,Ratings,Reviews,Description,Cover
BOOK_J4W3YTU4KZ,"Keigo Higashino Collection Box: The Devotion of Suspect X, Salvation of a Saint, Malice","Keigo Higashino, ",4.41,184,18,,https://i.gr-assets.com/images/S/compressed.photo.goodreads.com/books/1636180355l/32058483._SX318_.jpg
BOOK_YP9SPNM1UQ,The Miracles of the Namiya General Store,"Keigo Higashino, Sam Bett, ",4.45,17423,3315,"When three delinquents hole up in an abandoned general store after their most recent robbery, to their great surprise, a letter drops through the mail slot in the store's shutter. This seemingly simple request for advice sets the trio on a journey of discovery as, over the course of a single night, they step into the role of the kindhearted former shopkeeper who devoted his waning years to offering thoughtful counsel to his correspondents. Through the lens of time, they share insight with those seeking guidance, and by morning, none of their lives will ever be the same.By acclaimed author Keigo Higashino, The Miracles of the Namiya General Store is a work that has touched the hearts of readers around the world.",https://i.gr-assets.com/images/S/compressed.photo.goodreads.com/books/1564085721l/44287550.jpg
BOOK_WLQFZNNDRC,The Devotion of Suspect X,"Keigo Higashino, Alexander O. Smith, ",4.15,46391,6281,"Yasuko lives a quiet life, working in a Tokyo bento shop, a good mother to her only child. But when her ex-husband appears at her door without warning one day, her comfortable world is shattered. When Detective Kusanagi of the Tokyo Police tries to piece together the events of that day, he finds himself confronted by the most puzzling, mysterious circumstances he has ever investigated. Nothing quite makes sense, and it will take a genius to understand the genius behind this particular crime...",https://i.gr-assets.com/images/S/compressed.photo.goodreads.com/books/1312051518l/8686068.jpg
BOOK_G5T0AZN7F5,Salvation of a Saint,"Keigo Higashino, Alexander O. Smith, ",3.98,15744,2129,"In 2011, The Devotion of Suspect X was a hit with critics and readers alike. The first major English language publication from the most popular bestselling writer in Japan, it was acclaimed as “stunning,” “brilliant,” and “ingenious.” Now physics professor Manabu Yukawa—Detective Galileo—returns in a new case of impossible murder, where instincts clash with facts and theory with reality.Yoshitaka, who was about to leave his marriage and his wife, is poisoned by arsenic-laced coffee and dies. His wife, Ayane, is the logical suspect—except that she was hundreds of miles away when he was murdered. The lead detective, Tokyo Police Detective Kusanagi, is immediately smitten with her and refuses to believe that she could have had anything to do with the crime. His assistant, Kaoru Utsumi, however, is convinced Ayane is guilty. While Utsumi’s instincts tell her one thing, the facts of the case are another matter. So she does what her boss has done for years when stymied—she calls upon Professor Manabu Yukawa.But even the brilliant mind of Dr. Yukawa has trouble with this one, and he must somehow find a way to solve an impossible murder and capture a very real, very deadly murderer.Salvation for a Saint is Keigo Higashino at his mind-bending best, pitting emotion against fact in a beautifully plotted crime novel filled with twists and reverses that will astonish and surprise even the most attentive and jaded of readers.",https://i.gr-assets.com/images/S/compressed.photo.goodreads.com/books/1495618717l/13506866._SX318_.jpg
BOOK_W76BL6M37I,Malice,"Keigo Higashino, Alexander O. Smith, ",4.01,17532,2768,"Acclaimed bestselling novelist Kunihiko Hidaka is found brutally murdered in his home on the night before he's planning to leave Japan and relocate to Vancouver. His body is found in his office, a locked room, within his locked house, by his wife and his best friend, both of whom have rock solid alibis. Or so it seems. At the crime scene, Police Detective Kyoichiro Kaga recognizes Hidaka's best friend, Osamu Nonoguchi. Years ago when they were both teachers, they were colleagues at the same public school. Kaga went on to join the police force while Nonoguchi eventually left to become a full-time writer, though with not nearly the success of his friend Hidaka. As Kaga investigates, he eventually uncovers evidence that indicates that the two writers' relationship was very different that they claimed, that they were anything but best friends. But the question before Kaga isn't necessarily who, or how, but why. In a brilliantly realized tale of cat and mouse, the detective and the killer battle over the truth of the past and how events that led to the murder really unfolded. And if Kaga isn't able to uncover and prove why the murder was committed, then the truth may never come out. Malice is one of the bestselling—the most acclaimed—novels in Keigo Higashino's series featuring police detective Kyoichiro Kaga, one of the most popular creations of the bestselling novelist in Asia.",https://i.gr-assets.com/images/S/compressed.photo.goodreads.com/books/1497270264l/20613611._SY475_.jpg
BOOK_3HSVNN07P0,Journey Under the Midnight Sun,"Keigo Higashino, Alexander O. Smith, ",4.33,12141,1724,"When a man is found murdered in an abandoned building in Osaka in 1973, unflappable detective Sasagaki is assigned to the case. He begins to piece together the connection of two young people who are inextricably linked to the crime; the dark, taciturn son of the victim and the unexpectedly captivating daughter of the main suspect. Over the next twenty years we follow their lives as Sasagaki pursues the case - which remains unsolved - to the point of obsession. Stark, intriguing and stylish, Journey Under the Midnight Sun is an epic mystery by the bestselling Japanese author.",https://i.gr-assets.com/images/S/compressed.photo.goodreads.com/books/1386409101l/19256975.jpg
BOOK_63IYUP5QFO,The Name of the Game is a Kidnapping,"Keigo Higashino, ",3.75,2256,411,"Sakuma is a high-profile ad agent who was about to land one of the biggest gigs of his career. But he was betrayed by the owner of the company that just hired him.Down on his luck and now on his way out career-wise, he planned to go publically chew out the man who brough him down. Instead, upon uncovering a deep secret, he devises a plan to bring down his new rival in a twisted game called kidnapping.",https://i.gr-assets.com/images/S/compressed.photo.goodreads.com/books/1488294138l/28823155.jpg
BOOK_E1TG86J15G,Newcomer,"Keigo Higashino, Giles Murray, ",4.05,6665,1201,"Detective Kyoichiro Kaga of the Tokyo Police Department has just been transferred to a new precinct in the Nihonbashi area of Tokyo. Newly arrived, but with a great deal of experience, Kaga is promptly assigned to the team investigating the murder of a woman. But the more he investigates, the greater number of potential suspects emerges. It isn’t long before it seems nearly all the people living and working in the business district of Nihonbashi have a motive for murder. To prevent the murderer from eluding justice, Kaga must unravel all the secrets surrounding a complicated life. Buried somewhere in the woman’s past, in her family history, and the last few days of her life is the clue that will lead to the murderer.From the international bestseller Keigo Higashino, author of The Devotion of Suspect X, comes one of his finest works of crime fiction yet.",https://i.gr-assets.com/images/S/compressed.photo.goodreads.com/books/1530346547l/33602102._SY475_.jpg
BOOK_KE894GWFR6,"Higashino Keigo no nazo : Higashino sakuhin no kenkyuÌ„, koÌ„satsu shuÌ„sei","Higashino Sakuhin KenkyuÌ„kai., ",0.00,0,0,,https://i.gr-assets.com/images/S/compressed.photo.goodreads.com/books/1556702183l/45422650._SX318_.jpg
BOOK_ZO4ZFSWIH9,Naoko,"Keigo Higashino, Kerim Yasar, ",3.88,4561,723,There is no description.,https://i.gr-assets.com/images/S/compressed.photo.goodreads.com/books/1388963920l/201271.jpg
BOOK_PNORSIUF5R,A Midsummer's Equation,"Keigo Higashino, Alexander O. Smith, ",3.92,6472,859,"Manabu Yukawa, the physicist known as ""Detective Galileo,"" has traveled to Hari Cove, a once-popular summer resort town that has fallen on hard times. He is there to speak at a conference on a planned underwater mining operation, which has sharply divided the town. One faction is against the proposed operation, concerned about the environmental impact on the area, known for its pristine waters. The other faction, seeing no future in the town as it is, believes its only hope lies in the development project.The night after the tense panel discussion, one of the resort's guests is found dead on the seashore at the base of the local cliffs. The local police at first believe it was a simple accident-that he wandered over the edge while walking on unfamiliar territory in the middle of the night. But when they discover that the victim was a former policeman and that the cause of death was carbon monoxide poisoning, they begin to suspect he was murdered, and his body tossed off the cliff to misdirect the police.As the police try to uncover where Tsukahara was killed and why, Yukawa finds himself enmeshed in yet another confounding case of murder. In a series of twists as complex and surprising as any in Higashino's brilliant, critically acclaimed work, Galileo uncovers the hidden relationship behind the tragic events that led to this murder.",https://i.gr-assets.com/images/S/compressed.photo.goodreads.com/books/1441224440l/23847971.jpg
BOOK_L820M2B1NO,白夜行 下,"Keigo Higashino, 東野圭吾, 劉姿君, ",4.57,496,24,Traditional Chinese first edition can be found HERE「在我們的頭上沒有太陽，一直都是夜晚，但是卻不覺得黑暗，因為有能代替太陽的人在。」他們為什麼如此輕易地抹煞別人的性命？他們為什麼毫無愧疚地奪取別人的靈魂？一九七三年，大阪的廢棄大樓發現了一具他殺屍體，被害者之子桐原亮司與嫌疑犯之女西本雪穗，就此走上截然不同的道路。桐原亮司拉皮條、盜賣電玩軟體、隱姓埋名竊取商業機密，不斷向下淪落；雪穗由親戚收養，就讀明星學校，成為同學豔羨的對象，儼如上流名媛。然而，兩人身邊的人卻紛紛遭遇不幸，甚至死於非命，這是命運無情的操弄，還是潛藏著駭人的真相？因為脆弱的純真受到傷害，所以必須捨棄而堅強，因為堅強，所以必須自過去、自記憶逃亡，從人間的律法道德，一直到狼狽不已、泯滅人性。,https://i.gr-assets.com/images/S/compressed.photo.goodreads.com/books/1341936865l/15745357.jpg
BOOK_FO21ZZH3IR,Silent Parade,"Keigo Higashino, Giles Murray, ",3.95,2298,407,"Detective Galileo, Keigo Higashino’s best loved character from The Devotion of Suspect X, returns in a complex and challenging mystery—several murders, decades apart, with no solid evidence.A popular young girl disappears without a trace, her skeletal remains discovered three years later in the ashes of a burned out house. There’s a suspect and compelling circumstantial evidence of his guilt, but no concrete proof. When he isn’t indicted, he returns to mock the girl’s family. And this isn’t the first time he’s been suspected of the murder of a young girl, nearly twenty years ago he was tried and released due to lack of evidence. Chief Inspector Kusanagi of the Homicide Division of the Tokyo Police worked both cases. The neighborhood in which the murdered girl lived is famous for an annual street festival, featuring a parade with entries from around Tokyo and Japan. During the parade, the suspected killer dies unexpectedly. His death is suspiciously convenient but the people with all the best motives have rock solid alibis. CI Kusanagi turns once again to his college friend, Physics professor and occasional police consultant Manabu Yukawa, known as Detective Galileo, to help solve the string of impossible to prove murders.",https://i.gr-assets.com/images/S/compressed.photo.goodreads.com/books/1618689060l/56269004.jpg
BOOK_2B2G21DTC8,Ngôi Nhà Của Người Cá Say Ngủ,"Keigo Higashino, Đỗ Nguyên, ",3.76,777,168,"Tác phẩm kỉ niệm 30 năm cầm bút của Bậc thầy trinh thám số 1 Nhật Bản. Đồng thời được vinh danh trong top 10 sách văn học bán chạy nhất năm 2015 và 2016 theo thống kê từ NIPPAN.Nhà văn Keigo Higashino trở lại với một tác phẩm về tâm lý xã hội và y học đầy trăn trở và suy tư. Vẫn còn đó sự tò mò và hồi hộp nhưng lại thêm vào những diễn biến tâm lý xã hội sâu sắc về ranh giới giữa sự sống và cái chết. Câu chuyện xoay quanh một cặp vợ chồng dự định sẽ ly hôn sau khi cô con gái Mizuko vào cấp một. Nhưng tin dữ bất ngờ ập đến: một tai nạn bất ngờ không may đã xảy ra với cô bé ở bể bơi. Tuy nhiên, sự thật còn đau đớn hơn gấp bội khi đứa con gái duy nhất của họ đã chết não nhưng trái tim vẫn còn đập bởi một sức mạnh lạ kỳ.Chính vào giây phút dấu hiệu của sự sống đang lụi tàn dần, cha mẹ cô bé phải tiếp nhận một sự thật tàn khốc: có nên hiến tạng của cô bé hay không?Trái tim cô bé vẫn còn đang đập và những ràng buộc riêng trên mặt luật pháp đã không cho vị bác sĩ nào dám khẳng định cô bé đã tử vong. Họ buộc phải lựa chọn tiếp tục chăm sóc đứa con gái đã rơi vào trạng thái thực vật hay là buông tay, chấp nhận hiến tạng đứa con gái yêu duy nhất? Tất cả tạo nên một chuỗi những âu lo với bố mẹ cô bé: “Vậy kẻ hại chết con gái tôi sẽ là tôi sao?"". Đây không chỉ là những trăn trở về mặt luật pháp của cặp vợ chồng, mà nó còn nhen nhóm hi vọng mong manh rằng chỉ cần trái tim còn đập thì một ngày kia cô bé sẽ dần lấy lại ý thức. Nhà văn Keigo đã khéo léo gợi nhắc một khía cạnh nhức nhối không chỉ tồn tại trong xã hội Nhật Bản mà còn có giá trị hiện thực ở nhiều nơi trên thế giới về vấn đề hiến tạng. Cuốn sách còn giống như một lời gợi nhắc về tình cảm gia đình, về tấm lòng của những người làm cha làm mẹ dành cho những đứa con của mình. Gia đình là nơi không ngừng yêu thương và không bao giờ nói bỏ cuộc. Rõ ràng chỉ có yêu thương mới khiến người ta trăn trở đến thế, muốn cố gắng hết sức để cứu con gái yêu duy nhất. Giống như người cá vậy, cô bé Mizuko có một trái tim thật đẹp, những nhịp đập yếu ớt vẫn muốn gửi gắm đến cha mẹ tình yêu chưa một lần nói ra.Một lần nữa nhà văn Keigo Higashino lại khiến người đọc trăn trở trong từng câu văn, từng hình ảnh, từng cung bậc cảm xúc và để lại trong lòng độc giả câu hỏi day dứt: “Nếu bạn ở trong hoàn cảnh ấy, bạn sẽ lựa chọn ra sao?”. Và có lẽ đáp án lại tùy thuộc vào cách nghĩ của mỗi người.Nếu bạn từng bị mê hoặc bởi giọng văn “thần thánh” của nhà văn Keigo Higashino thì còn chần chừ gì nữa mà không sở hữu ngay một cuốn “Ngôi nhà của người cá say ngủ”? Chắc chắn bạn sẽ không hề thất vọng.",https://i.gr-assets.com/images/S/compressed.photo.goodreads.com/books/1494094148l/35076744._SX318_.jpg
BOOK_VXM8IEHXXG,Thư,"Keigo Higashino, Thu Hiền, ",4.13,1292,264,"Tác phẩm là một áng văn trần trụi ngột ngạt ứa ra từ người tù sau song sắt.Lâu nay, nếu có giai thoại gì về người tù, thì đó thường là một người tù kiên trì, có thành tựu.Ví như kiên trì rèn sức khi bị giam, và tạo ra một giáo trình thể hình hiệu quả…Ví như chịu khó đa dạng hóa cách vượt ngục, dù liên tục bị bắt về…Ví như kiên trì đào tường hàng chục năm ròng, chỉ bằng một cái đục đá…Qua 
Thư
, Keigo cũng đem đến một người tù kiên trì. Suốt 15 năm, bị cầm tù ngày nào, hắn đều cần mẫn tìm cách cầm tù những người ngoài đời ngày ấy, suốt 15 năm.Chuyện bắt đầu khi một thanh niên mới đôi mươi đột nhập tư gia để ăn trộm, ăn trộm xong không về ngay mà ngồi lại xem ti vi, xem đến nỗi giết người.Thật bi kịch!Nhưng phần chìm của bi kịch ấy vẫn còn ở đằng sau, trong áng văn trần trụi ngột ngạt tên 
Thư
 này",https://i.gr-assets.com/images/S/compressed.photo.goodreads.com/books/1573913458l/48837691._SY475_.jpg
BOOK_SBJG1UGJF6,Thánh Giá Rỗng,"Keigo Higashino, Nguyễn Hải Hà, ",3.91,1270,219,"“Thánh giá rỗng” là câu chuyện xoay quanh hai vụ án mạng tàn khốc trong cùng một gia đình. Ngày 21 tháng 9 của mười một năm về trước, cô bé Manami ngây thơ, vô tội đã bị sát hại tại nhà riêng. Đúng mười một năm sau, mẹ cô bé - Sayoko, cũng bị giết hại dã man trên con đường thuộc quận Koto. Nakahara - một người chồng, một người cha bất hạnh đã hai lần phải cảm nhận nỗi đau mất người thân. Cái chết đầy uẩn khúc của Sayoko đã khiến anh tạm gác lại niềm riêng để bước vào cuộc hành trình tìm kiếm sự thật.Trên con đường tìm lời giải đáp cho mọi thắc mắc của mình, Nakahara vô tình tìm ra mối liên hệ giữa vụ án mạng của vợ anh và một bí mật động trời khác đã được chôn giấu suốt hai mươi mốt năm trời.",https://i.gr-assets.com/images/S/compressed.photo.goodreads.com/books/1631090942l/32319351._SX318_.jpg
BOOK_AJL84ID23F,Ảo Dạ,"Keigo Higashino, Bảo Ngọc, ",3.75,873,160,"Để thoát một khoản nợ, Masaya đã lợi dụng trận động đất kinh hoàng để giết chết ông cậu rồi dàn dựng thành một vụ tai nạn. Nhưng tất cả không qua được mắt Mifuyu, cô gái bí ẩn nhà hàng xóm. Mang theo bí mật của Masaya, Mifuyu cùng anh lên Tokyo, bỏ lại sau lưng một Kyoto hoang tàn sau cơn địa chấn.Song ở nơi đô hội là một chuỗi bi kịch nối tiếp nhau, nơi bóng đen của tội ác trong quá khứ như vũng dầu loang, vĩnh viễn không bao giờ xóa sạch, ngày một lan rộng. Bí ẩn nối liền bí ẩn, mọi người tiếp cận Mifuyu đều gặp chuyện không may, những ai chạm đến quá khứ của cô đều mất tích...Rốt cuộc, cô gái bí ẩn luôn sát cánh bên Masaya trong bóng đêm tăm tối là ai?",https://i.gr-assets.com/images/S/compressed.photo.goodreads.com/books/1521615917l/39336320._SY475_.jpg
BOOK_XSRQ3H6DAG,流星の絆 [Ryuusei no Kizuna],"Keigo Higashino, 東野 圭吾, ",4.11,618,71,There is no description.,https://i.gr-assets.com/images/S/compressed.photo.goodreads.com/books/1360319743l/3190020.jpg
BOOK_N5M2VM90G2,Hoa Mộng Ảo,"Keigo Higashino, H.M, ",3.66,1120,192,"Một ngày thu, viên cảnh sát trẻ Shinichi trên đường ra ga tàu điện để tới sở làm, gặp một kẻ điên đang tàn sát nhiều người trên phố. Anh bị hắn dùng kiếm chém chết.Mấy chục năm sau, ông cụ Shuji sống một mình trong căn hộ nhỏ cũng bị giết. Tài sản trong nhà không mất mát gì, trừ một chậu hoa lạ lùng không có tên.Quyết làm rõ nguyên nhân cái chết của ông nội, Rino kiên nhẫn lần theo từng manh mối vụn vặt, nhiều khi tưởng chừng vô nghĩa, hòng tìm ra bí mật của chậu hoa bị mang đi. Nhưng cô không biết rằng, mình đang vô tình vướng vào một lời nguyền khủng khiếp kéo dài hơn một trăm năm: “kẻ nào theo đuổi loài hoa mộng tưởng, sớm muộn cũng sẽ hủy hoại bản thân mình.”",https://i.gr-assets.com/images/S/compressed.photo.goodreads.com/books/1491322571l/34797921._SX318_.jpg
BOOK_N593FY7D1H,La Maison où je suis mort autrefois,"Keigo Higashino, Yutaka Makino, ",3.91,765,123,"Sayaka Kurahashi va mal. Mariée à un homme d'affaires absent, mère d'une fillette de trois ans qu'elle maltraite, elle a déjà tenté de mettre fin à ses jours. Et puis il y a cette étonnante amnésie: elle n'a aucun souvenir avant l'âge de cinq ans. Plus étrange encore, les albums de famille ne renferment aucune photo d'elle au berceau, faisant ses premiers pas... Quand, à la mort de son père, elle reçoit une enveloppe contenant une énigmatique clef à tête de lion et un plan sommaire conduisant à une bâtisse isolée dans les montagnes, elle se dit que la maison recèle peut-être le secret de son mal-être. Elle demande à son ancien petit ami de l'y accompagner. Ils découvrent une construction apparemment abandonnée. L'entrée a été condamnée. Toutes les horloges sont arrêtées à la même heure. Dans une chambre d'enfant, ils trouvent le journal intime d'un petit garçon et comprennent peu à peu que cette inquiétante demeure a été le théâtre d'événements tragiques...",https://i.gr-assets.com/images/S/compressed.photo.goodreads.com/books/1644850752l/8482583._SY475_.jpg
BOOK_CMRTM6UDAL,Biến Thân,"Keigo Higashino, Cẩm Hương, ",3.72,379,81,"Một thanh niên trung hậu hiền lành, hiền đến nỗi chẳng mấy khi phản đối lời người khác, không may may gặp tai bay vạ gió. Người ta đưa cậu vào bệnh viện, tiến hành một ca phẫu thuật lần đầu tiên xuất hiện trên thế giới.Ra viện, thanh niên trở lại với công việc, với người yêu dịu dàng. Nhưng cậu không còn hiền lành, trung hậu, cũng không nín nhịn nữa. Cậu trở nên hung hãn, bản năng và thú vật. Giữa những phút tỉnh táo hiếm hoi, thanh niên thống khổ đi tìm lại bản thân trước kia, bấy giờ mới biết người ta đã làm gì mình trong ca phẫu thuật…",https://i.gr-assets.com/images/S/compressed.photo.goodreads.com/books/1594254289l/54447344._SY475_.jpg
BOOK_8SRV0RHQBO,Trước Khi Nhắm Mắt,"Keigo Higashino, Phương Chi, ",3.41,706,158,"Minae mở to mắt, cố nhìn xem chuyện gì đang diễn ra.Khi ấy, “thứ đó” ở ngay trước mắt cô.“Thứ đó” là bộ hãm xung của ô tô. Cái hãm xung đó đang cố nuốt trọn cơ thể cô... Xương sườn cô gãy răng rắc, dạ dày, nội tạng như đang vỡ tung. Mọi việc diễn biến như thước phim quay chậm. Minae hiểu ra cái ô tô đang cố nghiền nát mình. Sau lưng cô có một bức tường, cô đang bị kẹp giữa ô tô và bức tường đó như nhân bánh sandwich…Một câu chuyện gây ám ảnh về thù hận với ngòi bút sắc bén của tiểu thuyết gia trinh thám lừng danh Nhật Bản Keigo Higashino. Cuốn sách đã được công ty sách Đinh Tị phát hành trong tuần qua Câu chuyện bắt đầu từ một ánh mắt đặc biệt của Minae - ánh mắt cuối cùng của cô gái trẻ trước khi vĩnh viễn nhắm mắt. Minae đã chết trong một vụ tai nạn giao thông, một cái chết khủng bố được Higashino miêu tả cứ như thể chính ông đã trải qua.Trước khi chết, Minae đã phóng ánh nhìn đầy thù hận vào người đã lái xe đâm chết cô, đó là cái nhìn đầy tiếc nuối với cuộc sống, không muốn chấm dứt cuộc đời khi những tháng ngày hiện tại của cô đang ngập tràn hạnh phúc, cái nhìn thể hiện sự căm hận tột cùng với kẻ đã đâm chết mình. Đôi mắt của Minae đã ám ảnh thủ phạm, người lái chiếc xe ô tô, hủy hoại cuộc đời hắn từ giây phút đó và bắt đầu một cuốn tiểu thuyết trinh thám tuyệt vời.",https://i.gr-assets.com/images/S/compressed.photo.goodreads.com/books/1521267289l/39303192._SX318_.jpg
BOOK_UWXO6I2Z67,白夜行 上,"Keigo Higashino, 東野圭吾, 劉姿君, ",4.49,621,30,Traditional Chinese first edition can be found HERE「在我們的頭上沒有太陽，一直都是夜晚，但是卻不覺得黑暗，因為有能代替太陽的人在。」在白夜裡，沒有人性這種東西！一部刻劃童年傷痕的悲傷物語，一個深不見底的惡意深淵，一段至死方休的遁逃之旅，一首燃盡生命的愛情戀歌，以及，永無止境的闃暗白夜……,https://i.gr-assets.com/images/S/compressed.photo.goodreads.com/books/1341668911l/15740357.jpg
BOOK_K6R6V47ZYA,虚像の道化師 [Kyozo No Dokeshi],"Keigo Higashino, 東野 圭吾, ",3.84,122,21,東野圭吾の代表作、「ガリレオシリーズ」の最新短編集。ビル5階にある新興宗教の道場から、信者の男が転落死した。その場にいた者たちは、男が何かから逃れるように勝手に窓から飛び降りたと証言し、教祖は相手に指一本触れないものの、自分が強い念を送って男を落としてしまったと自首してきた。教祖の“念”は本物なのか? 湯川は教団に赴きからくりを見破る(「幻惑(まどわ)す」)。突然暴れだした男を取り押さえようとして草薙が刺された。逮捕された男は幻聴のせいだと供述した。そして男が勤める会社では、ノイローゼ気味だった部長が少し前に自殺し、また幻聴に悩む女子社員もいた。幻聴の正体は――(「心聴(きこえ)る」)。大学時代の友人の結婚式のために、山中のリゾートホテルにやって来た湯川と草薙。その日は天候が荒れて道が崩れ、麓の町との行き来が出来なくなる。ところがホテルからさらに奥に行った別荘で、夫婦が殺されていると通報が入る。草薙は現場に入るが、草薙が撮影した現場写真を見た湯川は、事件のおかしな点に気づく(「偽装(よそお)う」)。劇団の演出家が殺された。凶器は芝居で使う予定だったナイフ。だが劇団の関係者にはみなアリバイがあった。湯川は、残された凶器の不可解さに着目する(「演技(えんじ)る」)。読み応え充分の4作を収録。湯川のクールでスマートな推理が光る、ガリレオ短編集第4弾。,https://i.gr-assets.com/images/S/compressed.photo.goodreads.com/books/1381255255l/16298361.jpg
BOOK_A0WTKY518L,Hung khí hoàn mỹ,"Keigo Higashino, Vũ Bích Lệ Thủy, ",3.31,249,69,"Từng là những vận động viên thể thao đã chạm đến đỉnh vinh quang nhưng Anjo Takuma, Niwa Junya, Hiura Yusuke và Sakura Shoko lại cùng nhau chia sẻ một phần quá khứ đáng chôn vùi. Để bảo vệ tương lai của họ, một vụ sát hại đã xảy ra với người biết rõ điều bí mật, cùng mọi dữ liệu liên quan bị tiêu hủy. Kế hoạch tưởng chừng đã êm xuôi và mọi chuyện sẽ mãi mãi chìm vào tro bụi…Nhưng một cái bóng xinh đẹp và tàn bạo, như con nhện độc Tarantula, đang lẩn lút qua các ngõ ngách thành phố, lần lượt tìm đến từng người báo oán...Dồn dập, kinh hoàng, gói ghém những sự thật sửng sốt. Một kiệt tác đầy chất hành động của bậc thầy truyện trinh thám.",https://i.gr-assets.com/images/S/compressed.photo.goodreads.com/books/1622865876l/58263100._SX318_.jpg
BOOK_BE1RDWLCSH,Black Showman dan Pembunuhan di Kota Tak Bernama,"Keigo Higashino, Milka Ivana, ",3.96,728,209,"Pembunuhan bisa terjadi di mana saja, termasuk di sebuah kota kecil, terpencil, dan nyaris terlupakan di tengah pandemi Covid-19.Seorang mantan guru SMP ditemukan tewas tercekik di halaman rumahnya sendiri. Polisi tidak tahu apakah ini pembunuhan terencana, pembunuhan tak disengaja, atau aksi pencurian yang berakhir dengan pembunuhan. Korban adalah guru yang disegani. Setelah pensiun pun, mantan murid-muridnya sering menghubunginya untuk meminta bantuan atau nasihat. Jadi, tentu saja para mantan muridnya, yang pulang ke kota itu demi menghadiri reuni, termasuk dalam daftar orang-orang yang dicurigai.Polisi kebingungan, dan si pembunuh lega karena identitasnya tidak akan pernah ketahuan.Namun, ia tidak menyangka bahwa putri korban akan muncul bersama pamannya—seorang mantan pesulap eksentrik—dan ikut menyelidiki apa yang sebenarnya terjadi dan mencari tahu siapa yang membunuh Kamio Eiichi.",https://i.gr-assets.com/images/S/compressed.photo.goodreads.com/books/1639776770l/59842337.jpg
BOOK_KIWTR5ROKV,Đơn phương,"Keigo Higashino, Yên Châu, ",3.94,366,75,"“Tớ đang bị truy lùng.” Mitsuki thở hắt ra một cái.“Hả?” Tetsuro nói. Anh nghĩ mình nghe nhầm ở chỗ nào đó. “Bị truy lùng?”“Đúng vậy, bị truy lùng. Nói chính xác thì giờ này họ đã bắt đầu truy bắt tớ rồi… có lẽ thế.” Mitsuki gật gù tỏ vẻ chắc chắn. “Cảnh sát ấy, việc họ bắt được tớ chỉ còn là vấn đề thời gian thôi. Sau đó mọi chuyện sẽ kết thúc.”“Cảnh sát á? Hiura, cậu…” Tetsuro cảm thấy hoang mang. “Đã làm gì vậy?”“Cậu thật sự muốn biết?”“Tất nhiên.”“Ừ. Tất nhiên nhỉ?” Mitsuki nhún vai rồi nhìn Tetsuro lần nữa. “Tớ phạm tội sát nhân. Tớ đã giết người.”---Một tuyệt tác trinh thám viết về những người bạn thân đã cùng trải qua một thời thanh xuân không bao giờ phản bội nhau. Bức tranh khắc họa hiện thực xã hội, ca ngợi tình bạn, đồng thời là một lời dự đoán cho tương lai. Thân thể là con gái, nhưng tâm hồn là con trai. Đau khổ chịu đựng suốt gần ba mươi năm, đến khi có cơ hội sống đúng với bản chất của mình thì Mitsuki lại vô tình dính vào một vụ giết người ngang trái. Đầu thú hay bỏ trốn? Trước khi đưa ra quyết định cuối cùng, Mitsuki muốn gặp lại những người bạn đại học đã cùng cô chia sẻ tuổi thanh xuân nồng nhiệt. Tetsuro cùng vợ mình, đồng thời là bạn thân của Mitsuki, quyết định giúp đỡ cô, nhưng… Phải chăng khoảng thời gian mười năm đã khiến tình bạn của họ, thậm chí cả bản thân họ, thay đổi? Còn hơn cả một tiểu thuyết trinh thám, ""Đơn phương"" là bức tranh khắc họa hiện thực xã hội, ca ngợi tình bạn, đồng thời là một lời dự đoán cho tương lai. Một lần nữa, tài hoa bậc thầy của Keigo Higashino đã đưa một tác phẩm hay lên tầm tuyệt tác. Keigo Higashino sinh năm 1958 tại Osaka, có thể nói ông là nhà văn trinh thám với nhiều tác phẩm bestseller nhất hiện nay của Nhật Bản. Những tiểu thuyết của Keigo Higashino được chuyển thể thành tác phẩm điện ảnh còn nhiều hơn cả Tom Clancy hay Robert Ladlum, và không thua kém gì Michael Crichton.",https://i.gr-assets.com/images/S/compressed.photo.goodreads.com/books/1577069710l/49748522._SY475_.jpg
BOOK_WSD7MIEL3H,Trứng Chim Cúc Cu Này Thuộc Về Ai?,"Keigo Higashino, Nguyễn Hải Hà, ",3.31,408,79,"Hida Hiromasa từng là tuyển thủ Olympic đại diện Nhật Bản trong bộ môn trượt tuyết. Nối nghiệp ước mơ trở thành tuyển thủ số một Nhật Bản và vươn tầm quốc tế, con gái ông, Hida Kazami hiện cũng là một hạt giống tiềm năng được trung tâm nghiên cứu thể thao Shinsei chú ý. Để cố gắng giữ bí mật về xuất thân của cô con gái, Hiromasa đã từ chối mọi ý định tiếp cận hòng nghiên cứu mã gen di truyền năng lực thể thao mang tên gen F của cậu nghiên cứu viên Yuzuki.Mọi chuyện dần đi chệch hướng khi rắc rối liên tiếp xảy ra: Vụ tai nạn xe cùng những bức thư đe dọa nhắm tới cô bé Kazami, người đàn ông của quá khứ 10 năm trước tìm đến, bí mật về người vợ quá cố của Hiromasa cùng vụ bắt cóc trẻ sơ sinh năm xưa dần hé lộ...Cuối cùng, ai mới là cha mẹ đẻ của Kazami?",https://i.gr-assets.com/images/S/compressed.photo.goodreads.com/books/1523244232l/39721754._SX318_.jpg
BOOK_0IQW2M5AEH,Trái Tim Của Brutus,"Keigo Higashino, Nguyễn Quang Phương, ",3.60,402,89,"Suenaga Takuya là một kĩ sư triển vọng trong lĩnh vực phát triển người máy thông minh cho một doanh nghiệp sản xuất thiết bị công nghiệp cực thịnh. Hắn là một kẻ tham vọng, luôn tìm mọi cách để leo lên và đang nhắm tới vị thế con rể của Phó giám đốc công ty. Ai dè, mọi tính toán của hắn trật lất khi cô nhân tình mang thai và khăng khăng không định bỏ đứa trẻ. Takuya bị dồn vào thế bí, thận trọng suy tính và quyết định bày ra một kế hoạch giết người…Brutus là tên một nhân vật nổi tiếng trong lịch sử La Mã. Ban đầu, ông ta thuộc phe đối địch với Julius Caesar nhưng về sau đã quy hàng và được Caesar trọng dụng. Có điều, cuối cùng ông lại chính là kẻ đã ám sát thành công Ceasar dẫn đến sự sụp đổ của Đế chế La Mã. Vậy trong câu truyện về trái tim kẻ phản bội này, Higashino Keigo muốn truyền thông điệp gì tới người đọc?",https://i.gr-assets.com/images/S/compressed.photo.goodreads.com/books/1599314591l/55238375._SX318_.jpg
BOOK_H10SPRELPR,ผู้พิทักษ์ต้นการบูร,"Keigo Higashino, ฉัตรขวัญ อดิศัย, ",4.10,340,68,ผลงานล่าสุดในปี 2020 ของ ฮิงาชิโนะ เคโงะ ต้นการบูรสุดลึกลับกับผู้คนมากมายที่เข้ามา ต่างอธิษฐานขอพรให้ตนสมหวังในชีวิต แต่ปาฏิหาริย์จะเกิดขึ้นจริงได้หรือไม่ … นาโออิ เรโตะ ถูกเลิกจ้างอย่างไม่เป็นธรรม จึงขโมยของในที่ทำงานเพื่อแก้แค้น แต่พลาดพลั้งถูกตำรวจจับได้ขณะที่เขากำลังจะถูกดำเนินคดี ทนายคนหนึ่งก็ปรากฏตัวขึ้น และยื่นเงื่อนไขให้เรโตะทำตามคำสั่งของผู้ว่าจ้างตน แลกกับการช่วยประกันตัวเขาออกมา เรื่องประหลาดเริ่มขึ้นเมื่อหญิงสูงวัยที่ว่าจ้างทนายคนนั้นชื่อ จิฟุเนะ ซึ่งเป็นป้าของเขาเอง แต่เรโตะกลับไม่เคยรู้ว่าตัวเองมีป้ามาก่อน และเงื่อนไขที่เธอต้องการให้เขาทำก็ประหลาดยิ่งกว่านั้น ป้าต้องการให้เรโตะคอยพิทักษ์ต้นการบูรศักดิ์สิทธิ์ในศาลเจ้าแห่งหนึ่ง ซึ่งลือกันว่าหากใครอธิษฐานขอพรกับการบูรต้นนี้ ผู้นั้นจะสมหวังในสิ่งที่ขอแต่การขอพรต้นการบูรนั้นเต็มไปด้วยความลึกลับและกฎที่เข้มงวดมากมาย หนำซ้ำผู้เกี่ยวข้องทุกคนล้วนทำตัวมีลับลมคมในจนน่าสงสัย ต้นการบูรนี้ดลบันดาลให้สมความปรารถนาได้จริงหรือเปล่า เรโตะพยายามคลี่คลายความลึกลับของเรื่องราว พร้อกับหน้าที่ผู้พิทักษ์ต้นการบูรแห่งนี้ เพราะนี่อาจเป็นโอกาสสุดท้ายที่เขาจะได้แก้ไขความผิดพลาดในชีวิตของตนเช่นกัน,https://i.gr-assets.com/images/S/compressed.photo.goodreads.com/books/1601386805l/55508160._SY475_.jpg
BOOK_RLCONQLFWZ,"Heads, Band 1","Keigo Higashino, Motorō Mase, ",3.85,114,9,"Es braucht nur eine Sekunde, um ein Leben schlagartig zu verändern. Junichi Naruse ist zur falschen Zeit am falschen Ort. Er wird Opfer eines brutalen Überfalls, die abgefeuerte Kugel durchschlägt seinen Kopf. Mit modernster Technik wird eine Hirntransplantation - die erste in der Geschichte der Medizin - durchgeführt. Es grenzt an ein Wunder, dass der Patient vollständig genesen kann. Nur plötzlich auftretende Stimmungsschwankungen und ungewohnte Gelüste geben Anlass zur Beunruhigung... Sind die Verhaltensänderungen dem Stress zuzuschreiben? Oder macht sich eine zweite Identität in Junichis Gehirn breit?!",https://i.gr-assets.com/images/S/compressed.photo.goodreads.com/books/1351443458l/2902138.jpg
BOOK_HD8VYSQORV,คำสาปยอดนักสืบ,"Keigo Higashino, ฉัตรขวัญ อดิศัย, ",3.58,138,21,ความอลวนบังเกิด ... เมื่อคำสาปเสกนักเขียนนิยายให้เป็นนักสืบเมื่อนักเขียนนิยายชื่อดังหลงเข้าไปในต่างโลก และกลายเป็นนักสืบที่ชื่อ เทงกะอิจิ ตั้งแต่เมื่อใดไม่รู้จากนั้นก็เกิดคดีต่างๆ อย่างต่อเนื่อง ใครกันแน่ที่สร้างเมืองนี้ขึ้นมา แล้วคำสาปซึ่งถูกร่ายใส่เมืองนี้คืออะไร จริงหรือที่ว่าคดีฆาตกรรมเหล่านั้นเกิดขึ้นเพราะคำสาป ซ้ำร้ายยังมีคนทิ้งข้อความขู่เขาว่า ‘กลับโลกเดิมไปซะ ไม่งั้นแกตาย’ ตกลงว่าโลกนี้คือที่ไหนกันแน่ เขาจะสวมบทบาทเป็นนักสืบคลี่คลายคดีได้ตลอดรอดฝั่งหรือไม่ แล้วสุดท้ายจะรอดชีวิตกลับโลกเดิมได้หรือเปล่า...,https://i.gr-assets.com/images/S/compressed.photo.goodreads.com/books/1585402267l/52761234._SX318_.jpg
BOOK_KI9H18GI35,眠りの森 [nemuri no mori],"Keigo Higashino, 東野 圭吾, ",3.61,293,37,There is no description.,https://i.gr-assets.com/images/S/compressed.photo.goodreads.com/books/1360326431l/1995979.jpg
BOOK_B3PM810USY,希望之線,"Keigo Higashino, 東野圭吾, 王蘊潔, ",4.02,137,26,"This is an alternative cover for - ISBN 13: 
9789865706739
　　「我想起來了，他曾經說，不會放開這條線。」　　「線？」　　「即使無法見面，只要認為和自己心愛的人之間有一條無形的線連在一起，就可以感受幸福。無論這條線多長，都可以讓人心中有希望。」　　「希望喔……」　　也許有一天會覺得感謝，　　感謝那條很長的線始終沒有斷。 　　年輕刑警松宮參與偵查一起發生在自由之丘的命案，一名經營咖啡店的中年女性遭到殺害。松宮奉命負責調查死者生前的交友關係，正當他和同事逐一清查死者周邊人物時，卻意外接到了一通私人電話，令松宮心緒不寧。 　　經過警方逐漸釐清案情，死者的前夫綿貫，以及另一名咖啡店常客因不自然的言行，成為主要調查對象。然而，正當松宮從綿貫等人身上推理出案件的驚人真相時，兇嫌竟主動自首認罪！ 　　理論上，案件本應就此了結，但對松宮而言，真正的挑戰才正要開始…… 　　「刑警並不是只要讓真相大白就好，有些事實不是在偵訊室揭發出來，而是必須從當事人身上抽絲剝繭。能夠瞭解這一點，而且為此煩惱的刑警，才是出色的刑警。」 　　他一時不知道該怎麼回答，但很高興加賀肯定了自己的煩惱。　　「重要的是有沒有充分的決心為自己的判斷負責，有時候也可以讓真相永遠不見天日。」　　「決心……」",https://i.gr-assets.com/images/S/compressed.photo.goodreads.com/books/1620554417l/51136381._SX318_.jpg
BOOK_ZB8UXGOQ9Z,ความลับใต้ทะเลสาบ,"Keigo Higashino, บัณฑิต ประดิษฐานุวงษ์, ",3.72,551,66,นามิกิ ชุนซุเกะ เดินทางมาสมทบกับภรรยา มินาโกะ ที่บ้านพักตากอากาศแห่งหนึ่งริมทะเลสาบฮิเมงามิ เพื่อพาโชตะ-ลูกชาย มาเข้าคอร์สติวเข้มสอบเข้าโรงเรียนมัธยมเอกชนมีชื่อ พร้อมกับครอบครัวอื่นอีกสามครอบครัว จู่ ๆ เอริโกะ ชู้รักของชุนซุเกะก็ปรากฏตัวขึ้นด้วยข้ออ้างเรื่องงาน ทั้งที่จริงแล้ว เธอมาสืบเบื้องหลังการจัดกวดวิชาครั้งนี้ ในคืนนั้นเอง เอริโกะถูกฆ่าตาย โดยมินาโกะสารภาพว่าเป็นคนฆ่า แต่แทนที่ครอบครัวอื่นจะแจ้งความ ทุกคนกลับร่วมมือกันอำพรางคดี นำศพไปทิ้งทะเลสาบ จนชุนสุเกะรู้สึกสงสัยว่าต้องมีอะไรอยู่เบื้องหลัง เขาจึงค่อย ๆ ปะติดปะต่อเรื่องราว จนพบความจริงที่เขาไม่อาจเปิดเผยได้,https://i.gr-assets.com/images/S/compressed.photo.goodreads.com/books/1243618638l/6505543.jpg
BOOK_82MV7P8ZI5,假面飯店：假面之夜,"Keigo Higashino, 東野圭吾, ",3.91,246,25,"「假面飯店」系列日本狂賣超過3,000,000冊長達7年的影視版權爭奪！2019.1.18日本電影上映，木村拓哉×長澤雅美首度合演、華麗登場！東野圭吾三大經典必讀長篇系列之一，善意與惡意交疊的最迷幻舞台。繼「湯川學」、「加賀恭一郎」之後，新HERO「新田浩介（假面系列）」再度回歸。劇情燒腦、佈線隱密！謎底與伏筆、惡意與心機，殺人的一幕正在派對中上演。永遠不要掉以輕心，因為兇手也帶著假面！「警視廳的各位：我要提供一個情報。在霓歐魯姆練馬犯下殺人案的兇手，會在以下的時間地點出現。請逮捕他。12月31日晚上11點東京柯迪希亞飯店，跨年晚會會場                                                                                             告密者敬上」 年輕女子被殺案與警視廳收到的密函，兩者究竟有何關聯？密函上的犯人真的會在東京柯迪希亞飯店的跨年晚會會場上出現嗎？飯店人與刑警的最強搭檔，將再度聯手解開難解命案。",https://i.gr-assets.com/images/S/compressed.photo.goodreads.com/books/1558750751l/46008701._SX318_.jpg
BOOK_Y2OKB1EJ2E,放學後,"Keigo Higashino, 東野圭吾, 張秋明, ",3.75,918,114,「你在什麼時候會恨一個人？」　　因為變調的愛情、破裂的友誼，或是無地自容的屈辱？　　然而，對她們來說，當美麗、純粹、真實的事物被破壞，重視的回憶和夢想被摧毀時，恨意便開始萌發，恣意地蔓延開來......　　推理評論家傅博專文導讀｜第三十一屆江戶川亂步獎得獎作品　　星期天的早晨，我隨著人潮站在月台邊緣，冷不防有人從旁撞來。我失去平衡，差點跌落鐵軌。隨後，列車疾駛而過。　　星期一放學後，我游完泳進入淋浴間沖洗，瞥見拳頭大小的白色盒子沉在深達腳踝的積水中。那是一百伏特家用延長線的插座，另一端連結在電源上。為什麼我還能平安無事？檢查電源箱，保險線路顯示電流量過載而短路彈開。　　星期二放學後，一件從高處墜下的黑色物體，落在我剛才走過的地方，摔了個稀巴爛。那是一盆天竺葵。再早個幾秒落下，那就會是一盆血紅的天竺葵了。　　星期四放學後，一具冰冷的屍體倒臥在體育場的更衣室角落，只不過，那名遭毒斃的男性不是我，而是學校的輔導部主任村橋。　　村橋是被人殺死的嗎？凶手和覬覦我生命的會是同一個人嗎？怎樣的恨意會轉換成冷血的殺意，在生活單純的女子中學裡取人性命？　　青春的歡笑與憂愁、人性的幽微與黑暗　　本格推理的趣味與魅力、欲晉身推理文壇的雄心與狂熱　　都在《放學後》一書中徹底展現！　　《嫌疑犯X的獻身》、《白夜行》、《流星之絆》作者　　當代最火紅的日本推理作家　東野圭吾熱情滿溢的起點之作！,https://i.gr-assets.com/images/S/compressed.photo.goodreads.com/books/1288710970l/9633534.jpg
BOOK_CVNDN6CCDL,Paradox 13,"Keigo Higashino, ",3.38,240,40,"Debido al influjo sobre la Tierra de un agujero negro, el 13 de marzo, a las 13 horas, 13 minutos y 13 segundos se producirá un fenómeno denominado P-13.Las medidas del gobierno para afrontarlo se estudian en el más absoluto secreto. Ni siquiera los científicos saben exactamente en qué consistirá dicho fenómeno y sus consecuencias: los departamentos que se ocupan del asunto se han limitado a señalar que es importante suspender por unos instantes toda actividad peligrosa, así como mantenerse alejado de los lugares de riesgo. Sin embargo, esta información se ha mantenido oculta con la idea de no alterar a la población, prohibiéndose su divulgación hasta que pase el fenómeno.Fuyuki Kuga, detective de la Jefatura de Policía de Tokio, y su hermano mayor, Seiya, inspector de policía adscrito a la misma Jefatura, se ocupan en esos momentos de un asunto de atraco a mano armada, pero, debido a un error de Fuyuki, Seiya resulta herido de bala por un miembro del grupo criminal al que persiguen. Por su parte, Fuyuki recibe también un balazo de los delincuentes y se desmaya. Cuando recobra el conocimiento, constata que no queda nadie en las calles de Tokio.Deambulando por la ciudad, sin comprender qué está pasando, encontrará a otras diez personas que han sufrido el mismo fenómeno. Entre ellas se halla también, inexplicablemente, su hermano Seiya, quien en buena lógica debería estar muerto. Incapaces de asimilar la situación, el grupo intenta sobrevivir vagando por un Tokio en ruinas, devastado por las catástrofes naturales y las enfermedades.Críticas:«Keigo Higashino es una figura fundamental del frecuentemente ignorado thriller nipón.»Ramón de España, El Periódico de Catalunya«La prensa anglosajona lo ha comparado con Haruki Murakami. Parece inevitable.»Rosa Mora, El País",https://i.gr-assets.com/images/S/compressed.photo.goodreads.com/books/1507389369l/36369337._SX318_.jpg
BOOK_EBNUSB4H33,どちらかが彼女を殺した [Dochiraka ga kanojo o koroshita],"Keigo Higashino, 東野 圭吾, ",3.82,310,47,There is no description.,https://i.gr-assets.com/images/S/compressed.photo.goodreads.com/books/1381253294l/1995986.jpg
BOOK_F8DPMOWK8Q,Vụ án mạng ở nhà khách núi Hakuba,"Keigo Higashino, Kuroi Neko, ",3.58,425,81,"Mùa đông một năm trước, người anh trai tên Koichi đã tự sát, để lại một tấm bưu thiếp với câu hỏi: “Mẹ Maria về nhà khi nào?”Naoko, cô em gái đang là sinh viên đại học, vẫn luôn ôm mối hoài nghi về cái chết của anh trai. Cô cùng người bạn thân Makoto của mình đến thăm nhà khách “Mẹ Ngỗng” ở núi Hakuba thuộc tỉnh Nagano, nơi anh mình đã qua đời. Lạ lùng thay, nhà khách lại đón tiếp những vị khách quen thuộc hệt như một năm trước đó. Bí mật nào đang ẩn nấp sau những bài đồng dao Mẹ Ngỗng trong mỗi căn phòng? Quá khứ nào đang được giấu kín trong nhà khách?Một kiệt tác trinh thám về mật mã và phòng kín.",https://i.gr-assets.com/images/S/compressed.photo.goodreads.com/books/1611581372l/56684676.jpg
BOOK_4UBTAFM36W,分身 [Bunshin],"Keigo Higashino, 東野 圭吾, ",3.71,310,26,There is no description.,https://i.gr-assets.com/images/S/compressed.photo.goodreads.com/books/1381249430l/1995973.jpg
BOOK_RXLBFEXKPC,Ma Nữ Của Laplace,"Keigo Higashino, Vương Hải Yến, ",3.67,632,107,"Những hiện tượng dị thường xuất hiện quanh Madoka, một cô gái trẻ. Sau thời gian làm vệ sĩ cho cô, Takeo, một cựu cảnh sát, đã nhận thấy điều đó. Trong khi những nghi vấn của anh chưa có lời đáp, Madoka đột nhiên biến mất…Cùng lúc đó, những vụ tử vong vì khí hydro sulfua xảy đến tại hai khu du lịch suối nóng cách xa nhau. Đến hiện trường điều tra, giáo sư chuyên ngành địa hóa học Aoe chạm trán một cô gái trẻ bí ẩn. Lần theo tung tích của cô, Aoe bắt gặp một thảm kịch kinh hoàng từ quá khứ, và sự tồn tại của một dự án tối mật có liên quan tới tương lai nhân loại…“Một cuốn sách đáng kinh ngạc phá vỡ giá trị quan của tôi từ trước đến nay.” - Horikita Maki, – nữ diễn viên chính phim Bạch Dạ Hành",https://i.gr-assets.com/images/S/compressed.photo.goodreads.com/books/1533001014l/41010260.jpg
BOOK_6FTNZEL9ZO,麒麟の翼 [kirin no tsubasa],"Keigo Higashino, 東野 圭吾, ",4.02,376,63,There is no description.,https://i.gr-assets.com/images/S/compressed.photo.goodreads.com/books/1364850983l/10339938.jpg
BOOK_Q2XXN7YFND,夜明けの街で,"Keigo Higashino, 東野 圭吾, ",3.39,207,33,There is no description.,https://i.gr-assets.com/images/S/compressed.photo.goodreads.com/books/1360326867l/9092163.jpg
BOOK_EA4SZHP0DA,予知夢 [Yochimu],"Keigo Higashino, 東野 圭吾, ",3.72,333,26,There is no description.,https://i.gr-assets.com/images/S/compressed.photo.goodreads.com/books/1360320436l/1995972.jpg
BOOK_CBIZHHHLLA,怪笑小説,"Keigo Higashino, 東野圭吾, 林佩瑾, ",3.69,116,6,怪笑．毒笑．黑笑　　東野流的黑色幽默　　施展關西搞笑天性與推理作家思路　　揉合嚴謹理科背景與細膩社會觀察　　不負大神名號之文末精采大逆轉　　要YOU邊看邊怪笑的短篇九連發！　　＊收錄東野圭吾珍貴後記！　　下班電車內的寫實卡位大作戰、花光老人年金也要追星的師奶、急倒先屍的白金v.s.黑丘社區、漂流無人島的超級相撲轉播員etc.　　因為醜陋，更要笑得美好；因為恐怖，更要笑得無畏；因為黑暗，更要笑得燦爛啊哈哈……　　〈積鬱電車〉　　擁擠電車上，各種氣味、聲音、情緒交錯，且看狹小空間的血淋淋真心話大亂鬥！　　〈追星婆婆〉　　婆婆七十歲，「杉帥」粉絲歷兩年，花光畢生積蓄追星，這天終於要當面獻花給杉帥……　　〈一徹老爹〉　　老爹無論如何都想讓兒子當上職棒選手，三歲便開始魔鬼訓練，兒子真能站上夢幻的投手丘嗎？　　〈逆轉同窗會〉　　由一群老師發起，邀請當年的畢業生參與同窗會，席間話題卻朝意外的方向發展……　　〈超貍貓理論〉　　他堅信世間一切超自然現象全是「超級狸貓」的惡作劇，上電視與研究家展開了激烈辯論……　　〈無人島大相撲轉播〉　　郵輪沉沒，乘客漂流至無人島等待救援，唯一的娛樂就是「收音機男」的大相撲人肉轉播……　　〈屍台社區〉　　兩座房價慘澹的社區，一具無端冒出的屍體，最後究竟屍落誰家……　　〈獻給某位爺爺的線香〉獨居老爺爺接受返老還童實驗，枯瘦老人如何在遲暮之年再次度過年輕歲月的愛憎考驗？　　〈動物家庭〉　　在他眼裡，全家人都對應著某種動物，唯獨懦弱的自己，長相持續變化中……,https://i.gr-assets.com/images/S/compressed.photo.goodreads.com/books/1300014219l/10781101.jpg
BOOK_02GD38RI1R,雪煙追逐,"Keigo Higashino, 東野圭吾, 王蘊潔, ",3.53,73,3,There is no description.,https://i.gr-assets.com/images/S/compressed.photo.goodreads.com/books/1515640951l/37556010.jpg
BOOK_8VW8C3OP32,嘘をもうひとつだけ [uso o mou hitotsu dake],"Keigo Higashino, 東野 圭吾, ",3.66,201,39,There is no description.,https://i.gr-assets.com/images/S/compressed.photo.goodreads.com/books/1381250374l/1995989.jpg
BOOK_9QRYZR0THU,คุณป้าซานต้า,"Keigo Higashino, อลีน เฉลิมชัยกิจ, ",3.86,92,28,ทำไมทุกคนถึงคิดเสมอว่าซานต้าต้องเป็นผู้ชาย?! วันหนึ่งก่อนวันคริสต์มาสอีฟจะมาถึง ในกระท่อมสีแดง ณ เมืองเล็กๆ ของฟินแลนด์ที่สมาคมซานต้าตั้งอยู่ ผู้แทนซานต้าจากทั่วทุกมุมโลกได้มาพบกันเพื่อประชุมซานตาคลอสตามปกติซานต้าแห่งสหรัฐอเมริกากำลังจะเกษียณอายุ การคัดเลือกผู้สืบทอดจึงเริ่มขึ้น การถกเถียงเสียงดังจอแจเป็นระยะ เมื่อเวลาสำคัญมาถึงทุกคนที่ต้องร้องฮู้ระคนแปลกใจที่ได้เห็นทายาทซานตาคลอส คนใหม่ ไม่มีหนวดเครา ไม่ใช่คนตัวกลม ที่สำคัญเธอชื่อ “เจสซิก้า” ซานต้าที่เป็นผู้หญิง นี่คือเทพนิยายเล่มแรกของ ฮิงาชิโนะ เคโงะ เด็กอ่านได้ ผู้ใหญ่อย่าผ่านเลย,https://i.gr-assets.com/images/S/compressed.photo.goodreads.com/books/1640397135l/59925746._SX318_.jpg
BOOK_CYV4AAUASW,赤い指 [Akai yubi],"Keigo Higashino, 東野 圭吾, ",3.96,650,83,There is no description.,https://i.gr-assets.com/images/S/compressed.photo.goodreads.com/books/1360320918l/1995993.jpg
BOOK_LV4I8CO2VN,宿命 [Shukumei],"Keigo Higashino, 東野 圭吾, ",3.75,271,33,There is no description.,https://i.gr-assets.com/images/S/compressed.photo.goodreads.com/books/1381249945l/1995982.jpg
BOOK_KKEXASEDZ4,十一字殺人,"Keigo Higashino, 東野圭吾, 羊恩媺, ",3.39,824,190,Librarian Note: Alternate Cover Edition for ISBN-10: 9573324288 / ISBN-13: 9789573324287.這十一個字，由地獄般的憎恨而生！而所有的謊言與藉口，也因這十一個字而逐漸顯現……　　我的男友川津雅之被殺了！他先被毒死，接著後腦勺遭到重重一擊，最後被棄屍在港口。兇手到底有什麼深仇大恨，要這麼殘忍地殺害他呢？我想起不久前，他曾害怕地說自己『被人盯上了！』而且有人從他的遺物中偷走了某樣資料……身為推理小說家的我，決定自己來追查真相，沒想到我接觸過的人也一個接著一個被殺了！而他們死前，都收到了一張白紙，上面只有十一個字：『來自於無人島的滿滿殺意』……,https://i.gr-assets.com/images/S/compressed.photo.goodreads.com/books/1383616746l/18753613.jpg
BOOK_VPKKCIOBV8,Cáp treo tình yêu,"Keigo Higashino, Nguyễn Hải Hà, ",3.19,352,86,"Tác phẩm mới nhất đến từ nhà văn trinh thám hàng đầu Nhật Bản Keigo Higashino. Trong tuần đầu tiên xuất bản (01/11/2016), 
Cáp treo tình yêu
 đã nắm giữ vị trí đầu trong bảng doanh số hàng tuần. Và tiếp tục ở trong top 10 nhiều tuần sau đó.Một nữ nhân viên văn phòng bị hôn phu phản bội...Một chàng trai ôm mộng tìm được tình yêu đích thực sau năm lần bảy lượt thất bại tình trường...Một cô gái trẻ gặp phải gã đàn ông dối trá...Một cặp đôi mới cưới vướng vào rắc rối với bố mẹ vợ...Mỗi người họ đều ôm trong lòng nỗi phiền muộn riêng. Những cuộc đời tưởng chừng như không có điểm giao thoa ấy lại được gắn kết với nhau tại một khu trượt tuyết lạ kỳ, nơi có khả năng phơi bày sự thật và những điều thầm kín dù chúng ta có được con người ta che đậy kỹ càng tới đâu.Vậy, sự thật liệu có luôn là điều mà con người ta muốn biết?Đứng trước tình yêu, con người sẽ trở nên thảm hại, ích kỷ, hoặc nhiều dũng khí đến thế nào?Những tình tiết bất ngờ trong Cáp treo tình yêu sẽ khiến bạn phải bật cười và tự hỏi điều gì tiếp theo có thể xảy ra.---Một số thành tích nổi bật:- Đứng đầu bảng xếp hạng tổng doanh số của các nhà sách Kinokuniya- Đứng đầu bảng xếp hạng tổng doanh số theo tuần của Nippan tháng 2 năm 2018, tác phẩm được mua bản quyền và xuất bản sang tiếng Hàn. Lập tức lọt top những tác phẩm bán chạy nhất Hàn Quốc. Cùng trong top 10 đó là tác phẩm 
“Điều kỳ diệu của tiệm tạp hóa Namiya”
.- Được mua bản quyền dịch bởi Trung Quốc đại lục, Đài Loan và Hàn Quốc.",https://i.gr-assets.com/images/S/compressed.photo.goodreads.com/books/1570713212l/52661574._SX318_SY475_.jpg
BOOK_JHIN5UJFVM,幻夜 上,"Keigo Higashino, 東野圭吾, 劉姿君, ",3.98,60,1,There is no description.,https://i.gr-assets.com/images/S/compressed.photo.goodreads.com/books/1284826553l/9336463.jpg
BOOK_PIE85MSLX2,ลาปลาซ ตอนพิเศษ,"Keigo Higashino, อภิญญา เตชะบุญไพศาล, ",3.86,92,12,There is no description.,https://i.gr-assets.com/images/S/compressed.photo.goodreads.com/books/1601910011l/55567052._SX318_.jpg
BOOK_UVT5P56C3L,超．殺人事件: 推理作家的苦惱,"Keigo Higashino, 東野圭吾, 張智淵, ",3.79,126,11,There is no description.,https://i.gr-assets.com/images/S/compressed.photo.goodreads.com/books/1383810109l/15790229.jpg
BOOK_349ZPG9TMX,仮面山荘殺人事件 [Kamen sansō satsujin jiken],"Keigo Higashino, 東野 圭吾, ",3.83,348,44,There is no description.,https://i.gr-assets.com/images/S/compressed.photo.goodreads.com/books/1381255886l/1996014.jpg
BOOK_D6J5XLPY9X,ガリレオの苦悩 [Garireo no Kunō],"Keigo Higashino, 東野 圭吾, ",3.84,303,33,There is no description.,https://i.gr-assets.com/images/S/compressed.photo.goodreads.com/books/1360325967l/5127679.jpg
BOOK_0OTZP98BTF,Những kẻ đáng ngờ,"Keigo Higashino, Vương Hải Yến, ",3.44,129,20,"Cuốn sách Những kẻ đáng ngờ được tạo nên từ bảy chương ngắn, đăng trên tờ Viên ngọc tiểu thuyết và Phụ lục Viên ngọc tiểu thuyết. Trừ Chương 6, tất cả các chương còn lại đều được kể với đại từ nhân xưng ngôi thứ nhất – “tôi”. Đặc biệt cuốn sách có hai truyện ngắn trong tuyển tập đã được chuyển thể trên 
Higashino Keigo Mystery Series (FujiTV)
.Chương 1: Cô gái đang ngủChương 2: Cho tôi làm lại một lần nữaChương 3: Chết rồi thì không thể làm việc nữaChương 4: Lẽ ra đã rất ngọtChương 5: Ngọn hải đăngChương 6: Thông báo kết hônChương 7: Cơn mưa ở Costa Rica thật lạnhDù không phải những tác phẩm lớn và khiến người đọc kinh ngạc với từng tình tiết trong đó, nhưng chúng đều là những truyện ngắn xuất sắc với đoạn kết sắc bén, là tuyển tập tác phẩm chứng minh Keigo Higashino không chỉ có tài năng xuất chúng ở thể loại tiểu thuyết dài mà còn rất xuất sắc khi viết truyện ngắn.Các tác phẩm của nhà văn Keigo Higashino đã được Mintbooks phát hành:- Ngôi nhà của người cá say ngủ (2017)- Trứng chim cúc cu này thuộc về ai? (2018)- Cáp treo tình yêu (2019)",https://i.gr-assets.com/images/S/compressed.photo.goodreads.com/books/1641652521l/60062338.jpg
BOOK_3G6043QW88,平行世界爱情故事,"Keigo Higashino, 东野圭吾, ",3.85,355,40,เรื่องราวของทากาชิที่หลงรักมายุโกะ หญิงสาวผู้โดยสารรถไฟสายคู่ขนานกับที่เขาขึ้นเป็นประจำ วันหนึ่งเขามีโอกาสรู้จักกับเธอ แต่ในฐานะคนรักของโทโมฮิโกะ เพื่อนสนิท ทว่าเช้าวันหนึ่งเมื่อทากาชิลืมตาตื่นขึ้นเขากลับพบว่ามายุโกะคือคนรักของเขา และโทโมฮิโกะหายตัวไปต่างประเทศ บางเสี้ยงของความทรงจำเตือนทากาชิว่าเกิดเหตุการณ์ผิดปกติขึ้นแล้ว ทากาชิจึงตัดสินใจค้นหา “อดีต” ของเขาว่าอะไรกันแน่คือ “ความจริง”,https://i.gr-assets.com/images/S/compressed.photo.goodreads.com/books/1607813341l/56262796._SX318_.jpg
BOOK_PA8ZQXGZHE,Những kẻ đáng ngờ,"Keigo Higashino, Vương Hải Yến, ",3.44,129,20,"Cuốn sách Những kẻ đáng ngờ được tạo nên từ bảy chương ngắn, đăng trên tờ Viên ngọc tiểu thuyết và Phụ lục Viên ngọc tiểu thuyết. Trừ Chương 6, tất cả các chương còn lại đều được kể với đại từ nhân xưng ngôi thứ nhất – “tôi”. Đặc biệt cuốn sách có hai truyện ngắn trong tuyển tập đã được chuyển thể trên 
Higashino Keigo Mystery Series (FujiTV)
.Chương 1: Cô gái đang ngủChương 2: Cho tôi làm lại một lần nữaChương 3: Chết rồi thì không thể làm việc nữaChương 4: Lẽ ra đã rất ngọtChương 5: Ngọn hải đăngChương 6: Thông báo kết hônChương 7: Cơn mưa ở Costa Rica thật lạnhDù không phải những tác phẩm lớn và khiến người đọc kinh ngạc với từng tình tiết trong đó, nhưng chúng đều là những truyện ngắn xuất sắc với đoạn kết sắc bén, là tuyển tập tác phẩm chứng minh Keigo Higashino không chỉ có tài năng xuất chúng ở thể loại tiểu thuyết dài mà còn rất xuất sắc khi viết truyện ngắn.Các tác phẩm của nhà văn Keigo Higashino đã được Mintbooks phát hành:- Ngôi nhà của người cá say ngủ (2017)- Trứng chim cúc cu này thuộc về ai? (2018)- Cáp treo tình yêu (2019)",https://i.gr-assets.com/images/S/compressed.photo.goodreads.com/books/1641652521l/60062338.jpg
BOOK_T3A30J9POL,平行世界爱情故事,"Keigo Higashino, 东野圭吾, ",3.85,355,40,เรื่องราวของทากาชิที่หลงรักมายุโกะ หญิงสาวผู้โดยสารรถไฟสายคู่ขนานกับที่เขาขึ้นเป็นประจำ วันหนึ่งเขามีโอกาสรู้จักกับเธอ แต่ในฐานะคนรักของโทโมฮิโกะ เพื่อนสนิท ทว่าเช้าวันหนึ่งเมื่อทากาชิลืมตาตื่นขึ้นเขากลับพบว่ามายุโกะคือคนรักของเขา และโทโมฮิโกะหายตัวไปต่างประเทศ บางเสี้ยงของความทรงจำเตือนทากาชิว่าเกิดเหตุการณ์ผิดปกติขึ้นแล้ว ทากาชิจึงตัดสินใจค้นหา “อดีต” ของเขาว่าอะไรกันแน่คือ “ความจริง”,https://i.gr-assets.com/images/S/compressed.photo.goodreads.com/books/1607813341l/56262796._SX318_.jpg
BOOK_7Q45JBNENS,幻夜 下,"Keigo Higashino, 東野圭吾, 劉姿君, ",4.05,57,1,There is no description.,https://i.gr-assets.com/images/S/compressed.photo.goodreads.com/books/1284826691l/9336480.jpg
BOOK_FIOVS99QLP,La Prophétie de l'abeille,"Keigo Higashino, Sophie Refle, ",3.31,108,10,"Un matin d’été, la voiture de l’ingénieur Yuhara pénètre dans le complexe de Nishiki Heavy Industries. C’est aujourd’hui que l’hélicoptère sur lequel il travaille depuis des années doit être livré à son commanditaire, l’Agence de défense du Japon. Sa femme et son fils l’accompagnent pour assister à la démonstration de vol. Yuhara se rend dans son bureau tandis que sa famille l’attend à la cafétéria en compagnie de l’épouse d’un collègue et de son petit garçon. Les deux enfants vont jouer dehors et réussissent à se glisser dans le hangar où se trouve l’hélicoptère, et même à bord de l’appareil. L’un des deux est encore dedans lorsque celui-ci se met à bouger. Bientôt, sous les yeux terrifiés de son compagnon de jeu, l’hélicoptère prend son envol. D’abord stupéfaits, les ingénieurs comprennent bientôt que l’appareil a été manipulé à distance.Moins d’une heure plus tard, l’hélicoptère s’immobilise au-dessus d’un réacteur nucléaire. Les autorités reçoivent un message signé de “l’Abeille du ciel” : l’appareil, chargé d’explosifs, s’écrasera sur le réacteur quand il aura épuisé son carburant si toutes les centrales du Japon ne sont pas mises immédiatement hors d’état de fonctionner…Dans ce thriller magistral publié pour la première fois au Japon en 1998, Keigo Higashino décrit en temps réel la menace d’une catastrophe nucléaire. Alliant l’art du rebondis sement à l’intelligence des situations, il compose une intri gue imparable, portée par la prescience du désastre à venir.",https://i.gr-assets.com/images/S/compressed.photo.goodreads.com/books/1367599346l/17880282.jpg
BOOK_T6WJOTESQS,祈りの幕が下りる時[Inori no Maku ga Oriru Toki],"Keigo Higashino, 東野 圭吾, ",4.17,197,26,There is no description.,https://i.gr-assets.com/images/S/compressed.photo.goodreads.com/books/1383874603l/18759721.jpg
BOOK_W04FDO9Y49,东野圭吾的最后致意,"Keigo Higashino, 东野圭吾, ",3.32,41,1,,https://i.gr-assets.com/images/S/compressed.photo.goodreads.com/books/1386254262l/19207872.jpg
BOOK_CJXH3OPT3F,プラチナデータ [Platina Data],"Keigo Higashino, 東野 圭吾, ",3.81,294,47,There is no description.,https://i.gr-assets.com/images/S/compressed.photo.goodreads.com/books/1419073057l/15780344.jpg
BOOK_KQDDSYW8FN,さまよう刃 [Samayō yaiba],"Keigo Higashino, 東野 圭吾, ",3.93,194,22,There is no description.,https://i.gr-assets.com/images/S/compressed.photo.goodreads.com/books/1381249630l/4310537.jpg
BOOK_0H2L34L7IY,ดื่มให้แก่ดวงตาของเธอ,"Keigo Higashino, เมธี ธรรมพิภพ, ",3.87,259,46,รวม 9 เรื่องสั้นหักมุมที่ดีที่สุดหลากหลายสีสัน ทั้งลึกลับ ตลกร้าย และอบอุ่นหัวใจ จากนักเขียนเบสต์เซลเลอร์เหนือมาตรฐาน ที่จะทำให้คุณรู้ซึ้งว่า ... เรื่องสั้นก็ยังต้องเป็น ‘เคโงะ’ ดื่มให้แก่ดวงตาของเธอ: ชายหนุ่มตกหลุมรักหญิงสาวปริศนาที่ซ่อนดวงตาไว้ใต้คอนแทกต์เลนส์บิ๊กอาย และเหตุการณ์ไม่คาดฝันก็เกิดขึ้นในวินาทีที่เธอเผยดวงตาที่แท้จริงให้เขาเห็น ปาฏิหาริย์แซฟไฟร์: เมื่อเด็กหญิงซึ่งผูกพันกับแมวจรจัด ได้รู้ว่าแมวตัวนั้นถูกรถชนตาย จึงรีบตามไปยังโรงพยาบาลสัตว์ ทว่าเธอกลับพบบางสิ่งที่แสนประหลาด … ราวกับมีปาฏิหาริย์! วันวาเลนไทน์ปีที่สิบ: นักเขียนนิยายหนุ่มชื่อดังได้รับการติดต่อจากแฟนเก่าที่ทิ้งเขาไปเมื่อสิบปีก่อน ให้มาพบกันในคืนวันวาเลนไทน์ โดยไม่รู้ว่าค่ำคืนนี้จะเปลี่ยนชีวิตเขาไปตลอดกาล ทารกให้เช่า: เมื่อหญิงคนหนึ่งไม่มั่นใจว่าตนจะทำหน้าที่แม่ได้สมบูรณ์หรือไม่ จึงไปเช่าหุ่นยนต์ทารกเพื่อจำลองการเลี้ยงลูก จนเกิดเป็นความรักจริงๆ ขึ้นมา ปริศนาคริสต์มาส: นักแสดงหนุ่มฆ่านักเขียนบทหญิงผู้ทรงอิทธิพลในวงการหวังจบสัมพันธ์ชู้สาว แต่หลังจากแน่นิ่งด้วยพิษยา ... เธอกลับไปปรากฏตัวในงานเลี้ยงคริสต์มาสต่อหน้าชายหนุ่มด้วยรอยยิ้ม! พร้อมอีก 4 เรื่องสั้นครบทุกรสทุกอารมณ์ สนุก สุข ซึ้ง สุดประทับใจ,https://i.gr-assets.com/images/S/compressed.photo.goodreads.com/books/1585402634l/52761352._SX318_.jpg
BOOK_9DEPM5P8WP,Heads 2,"Keigo Higashino, Motorō Mase, Olivier Vachey, Yuko K., ",3.83,66,3,"Le jeune Jun-itchi Naruse est inquiet. Il est sûr qu'une menace pèse sur lui, émanant du greffon cérébral (issu d'un psychopathe) qui est maintenant dans sa tête. Et sa rencontre avec le père de son donneur n'est pas faite pour calmer ses angoisses.",https://i.gr-assets.com/images/S/compressed.photo.goodreads.com/books/1381254244l/12155078.jpg
BOOK_NMQN0M56W2,Ma Thuật Bị Cấm,"Keigo Higashino, Mia Nguyễn, ",3.52,482,88,"Nằm trong series điều tra của thanh tra Kusanagi và thiên tài phá án - nhà vật lý học Yukawa, câu chuyện bắt đầu bằng cái chết của một cô gái trẻ tại một khách sạn hạng sang ở Tokyo. Một thời gian sau, những vụ nổ kỳ quái liên tiếp xảy ra, khi ngoài đảo, lúc trên thuyền mà không ai biết vì sao. Cuộc điều tra chỉ được bắt đầu từ án mạng của một cây viết tự do, để rồi các mối liên hệ bất ngờ dần lộ diện.Nhưng lần này chân dung kẻ tình nghi lại là một “đệ tử tài giỏi ngoài sức tưởng tượng” đã được Yukawa truyền dạy nhiều kiến thức vật lý và khoa học. Làm thế nào để những thành tựu nghiên cứu không trở thành “ma thuật bị cấm” dưới bàn tay của tài năng đó? Lần này, Yukawa phải tự mình giải quyết câu hỏi lớn.",https://i.gr-assets.com/images/S/compressed.photo.goodreads.com/books/1578557522l/50368381.jpg
BOOK_8COD1SIV0M,"虛像的丑角 (伽利略, #7)","Keigo Higashino, 東野圭吾, 王蘊潔, ",3.92,48,2,本書包含七個短篇：「幻惑」、「透視」、「聽心」、「曲球」、「念波」、「偽裝」、「演技」，翻譯自日文《虚像の道化師》文庫本，與簡體中文版不同。曾經聽人說過，人的眼睛就像一台相機。既然這樣，有朝一日或許能運用科技分析死人的視網膜，進而得知那個人生前看到的最後影像。女演員神原敦子注視著駒井良介面如死灰的臉龐，怔怔地想著這件事。在他斷氣的前一刻，看到的應該是一個女人舉刀衝向他的瘋狂模樣，而敦子戴著手套的雙手正握著刀柄，刀子深深插進了他的胸口，宛如豎在小山上的十字架。敦子環視四周，眼前的場景多麼熟悉：命案現場是舞台，凶器是道具，只需要再找幾位警察跟她對對台詞，一場世紀大戲就要展開。警方很快便會發現屍體，她會被抓嗎？半吊子的演技無法蒙混過關，但她無須擔心，她可是位演技精湛的演員。幕起，女主角已走進聚光燈下，而即將與她演出對手戲的那位天才物理學家，能否揭開小丑的面具，看穿她精心佈下的虛像？,https://i.gr-assets.com/images/S/compressed.photo.goodreads.com/books/1503635097l/36073694.jpg
BOOK_7B234FDGOB,毒笑小説,"Keigo Higashino, 東野 圭吾, ",3.64,102,7,,https://i.gr-assets.com/images/S/compressed.photo.goodreads.com/books/1381249863l/1995987.jpg
BOOK_FRRARD3GAL,白銀ジャック (実業之日本社文庫),"Keigo Higashino, 東野 圭吾, ",3.26,112,5,,https://i.gr-assets.com/images/S/compressed.photo.goodreads.com/books/1381250456l/9536356.jpg
BOOK_XGO6P5NDW7,"Heads, Band 4","Keigo Higashino, Motorō Mase, Claudia Peter, ",3.80,61,7,"Junichi Naruse war ein besonnener, fröhlicher junger Mann, frisch verliebt, künstlerisch begabt, optimistisch in die Zukunft mit seiner Freundin planend. Doch nach einer Gehirntransplantation ist er wie ausgewechselt. Hysterisch und aggressiv reagiert er auf seine Umwelt, fühlt sich bedroht, hintergangen, kann niemandem mehr trauen. Wie konnte es dazu kommen? Wie ist es möglich, seinen Charakter so extrem zu verändern?! Auf welche Weise können die Charakterzüge des Spenders der implantierten Hirnhälfte Einfluss nehmen? Junichi lässt nicht locker, lässt sich nicht aufhalten bei der Suche nach der Wahrheit...Letzte Runde für HEADS - das nervenzerfetzende Finale...!",https://i.gr-assets.com/images/S/compressed.photo.goodreads.com/books/1382084656l/10737209.jpg
BOOK_EY1DKZDKH8,冷酷的代課老師,"Keigo Higashino, 東野圭吾, 王蘊潔, ",3.27,48,4,There is no description.,https://i.gr-assets.com/images/S/compressed.photo.goodreads.com/books/1481461021l/32504013.jpg
BOOK_4VP7ZMEB1F,操縱彩虹的少年,"Keigo Higashino, 東野圭吾, 王蘊潔, ",3.50,52,6,他操控的是夢幻的光束，還是脆弱的人心？他會為這個世界帶來希望，還是走向毀滅？出生在普通家庭的光瑠，從小便擁有優異的色彩感，能夠將看見的顏色百分百地忠實呈現出來，而且無論什麼學問，只要聽過一次就能理解。父親高行和母親優美子起初對於優秀的兒子感到十分驕傲，但看著這位驚世天才一步步成長，卻開始對他的存在產生了恐懼。上了高中以後，光瑠更發展出一種與「光」有關的特殊才能，他的生活也開始有了極大的轉變，每到深夜就會悄悄外出。非常在意兒子這項怪異行徑的高行於是偷偷尾隨在光瑠後面，來到一棟廢棄的音樂廳，發現裡面聚集了許多青少年，門外還有飆車族把守，而光瑠竟然在舞臺上一邊操控七彩炫目的光束，一邊演奏著美妙的音樂！這個被光瑠稱為「光樂」的演出，據說看過後會讓人神清氣爽，對未來充滿希望，但「光樂」也讓青少年為之沉迷，彷彿毒品上癮一樣。隨著「光樂」的影響力越來越大，引起了大人們的恐慌和覬覦，而幕後的黑手也開始蠢蠢欲動……,https://i.gr-assets.com/images/S/compressed.photo.goodreads.com/books/1456579398l/28820570._SX318_.jpg
BOOK_TME16HVXNI,以眨眼乾杯,"Keigo Higashino, 東野圭吾, 袁斌, ",2.98,57,4,小田香子是受雇於邦比宴會設計公司的接待小姐，平日最大的心願就是「嫁進豪門」，這次的華屋感謝派對上，她又物色到擁有運動員身材，長相俊秀的高見不動產總經理高見俊介，才三十幾歲的俊介是香子的絕佳結婚對象。正當香子把握時機，製造機會與俊介「巧遇」之後，卻傳來了剛才一起服務的接待小姐、高挑的牧村繪里喝下毒酒死掉了，而且現場是完全的「密室」，因此剛才在感謝派對上出席的俊介和香子也被警方叫去問話。　　之後，說也奇怪，俊介這樣的大老闆居然幾次主動約香子見面，另外，當晚也在派對上出現的華屋家的老三、西原昭三也三番兩次來邀請。對俊介主動釋出的善意，香子自然是喜出望外，就算臨時向公司撒謊請假也要赴約，但香子總覺得俊介接近她似乎另有隱情；另一方面，她對健三的糾纏也不能置之不理……此時，傳來兼職接待小姐、同時也是繪里好友的真野由加利在自己家中被人掐死的消息。在這之中，香子的住處也在她不在家時，遭人闖入翻箱倒櫃，但是，香子的財物並沒有損失，闖入者究竟要找什麼東西呢？香子彷彿被看不見的魔爪所脅迫。　　派對美女連遭殺害，動機到底是什麼？又是誰會跟這樣的美女有如此深仇大恨，要置她們於死地呢？東野圭吾以寫實的情節，一字一句均暗藏解謎線索的布局，構築出一本「密室殺人」的推理小說，是東野圭吾迷不可錯過的收藏之一。,https://i.gr-assets.com/images/S/compressed.photo.goodreads.com/books/1343742731l/15779186.jpg
BOOK_UGNMWUI77E,マスカレード・ホテル [Masukarēdo hoteru],"Keigo Higashino, 東野 圭吾, ",3.88,635,81,There is no description.,https://i.gr-assets.com/images/S/compressed.photo.goodreads.com/books/1381249388l/12340111.jpg
BOOK_WWIVGQV9OD,犯人のいない殺人の夜 [Hannin no inai satsujin no yoru],"Keigo Higashino, 東野 圭吾, ",3.65,116,14,,https://i.gr-assets.com/images/S/compressed.photo.goodreads.com/books/1381253644l/1996007.jpg
BOOK_7CLD61C3TA,ตายวันแต่ง,"Keigo Higashino, อิศเรศ ทองปัสโณว์, ",3.77,347,59,นักเขียนนิยายชื่อก้องผู้ผันตัวมาสร้างภาพยนตร์จะแต่งงานกับกวีหญิงหน้าใหม่ที่กำลังมาแรง ทว่าก่อนวันแต่งงานหนึ่งวันมีหญิงสาวปริศนาปรากฏตัวที่บ้านของว่าที่เจ้าบ่าว เธอคนนั้นเป็นคนรักเก่าที่ถูกทิ้งอย่งไม่มีเยื่อใย และว่าที่เจ้าบ่าวพยายามปกปิดไว้ เมื่อถึงวันงาน เกิดเหตุฆาตกรรมด้วยยาพิษ และผู้ตายก็คือเจ้าบ่าวที่แดดิ้นขณะเดินไปแท่นพิธี ผู้ต้องหามี 3 คน และทุกคนต่างบอกว่าตัวเองเป็นผู้ฆ่า?กุญแจสำคัญในการไขคดีคือ จำนวนแคปซูลใส่ยาพิษและที่มาที่ไป เมื่อถึงบทสุดท้ายตัวคุณที่เป็นผู้อ่านจะเข้าถึงความจริงที่คางะสืบพบได้เพียงไหนกัน!,https://i.gr-assets.com/images/S/compressed.photo.goodreads.com/books/1570459836l/52575789._SX318_SY475_.jpg
BOOK_537N0EMF2R,魔球,"Keigo Higashino, 東野圭吾, 王蘊潔, ",3.50,70,5,There is no description.,https://i.gr-assets.com/images/S/compressed.photo.goodreads.com/books/1383802238l/16088019.jpg
BOOK_P9ICVDQHUN,疾風ロンド,"Keigo Higashino, 東野 圭吾, ",3.20,64,2,There is no description.,https://i.gr-assets.com/images/S/compressed.photo.goodreads.com/books/1505888448l/20860170._SX318_.jpg
BOOK_SKEHP3Q5F7,浪花少年探偵団 [Naniwa shōnen tanteidan],"Keigo Higashino, 東野 圭吾, ",3.39,59,4,,https://i.gr-assets.com/images/S/compressed.photo.goodreads.com/books/1381254310l/1996028.jpg
BOOK_42APLGQWW0,"再見了, 忍老師","Keigo Higashino, 東野圭吾, 王蘊潔, ",3.33,24,1,Alternative cover for this ISBN can be found here沒有解決不了的事件，只有解決不了的暴走女教師！路人有難，兩肋插刀！阿忍老師再度君臨大阪，看她打擊犯罪，終結壞蛋陰謀！說到那個有點正，又有點邪門的竹內忍，從她上次大活躍，讓警察大叔開口求饒後，就揮揮衣袖去大學進修兩年，退隱江湖，從此世界又恢復和平，眾人大呼萬歲。但變成女大生就沒戲唱了嗎？太天真了！哪個女大生當玩票投手，會把一幫大叔電得哇哇叫？又有哪個女大生不是去迪士尼樂園約會，而是在抓綁匪？明明是要考駕照，結果恐嚇教練還甩尾堵人？等等，差點忘了還有兩位護花使者在一旁互不相讓，忙著攪亂一池春水。你愛我我不愛你又愛他……這一定是中邪了……這麼高潮迭起的學生生活，還要忙著插花辦案，阿忍老師可以從中無事生還，順利畢業嗎？,https://i.gr-assets.com/images/S/compressed.photo.goodreads.com/books/1385630501l/19016701.jpg
BOOK_0Q4WYBM7LU,畢業：雪月花殺人遊戲,"Keigo Higashino, 東野圭吾, 吳得智, ",3.63,329,50,There is no description.,https://i.gr-assets.com/images/S/compressed.photo.goodreads.com/books/1284997245l/9358599.jpg
BOOK_XHKJZAUOGC,พิกัดต่อไปใครเป็นศพ ตอนลางร้ายใต้หน้ากาก,"Keigo Higashino, อภิญญา เตชะบุญไพศาล, ",3.90,263,35,"ณ โรงแรมหรูแห่งหนึ่งกลางกรุงโตเกียว ""ยามางิชิ นาโอมิ"" พนักงานต้อนรับมือใหม่ต้องเจอผู้คนมากหน้าหลายตา ด้วยความที่เป็นคนช่างสังเกต เธอจึงพบพฤติกรรมน่าสงสัยของลูกค้าหลายคน คล้ายกำลังอำพรางความลับบางอย่างเอาไว้ อดีตคนรักของเธอผลุนผลันออกจากห้องแขกคนอื่นกลางดึก นักเขียนนิยายขังตัวเองอยู่แต่ในห้องพัก ลูกค้าสาวสวยหายตัวไปพร้อมคำลาตาย  ส่วน ""นิตตะ โคสุเกะ"" ตำรวจหน้าใหม่เจอคดีฆาตกรรมปริศนา 2 ศพ 2 สถานที่ 2 วิธีการ รายหนึ่งถูกแทงทะลุหัวใจ อีกรายโดนฆ่ารัดคออย่างโหดเหี้ยม ความฉลาดและอำมหิตของฆาตกรทำให้ทีมสืบสวนมืดแปดด้าน เมื่อหลักฐานอันน้อยนิดชี้ว่าผู้ต้องสงสัยเคยเข้าพักที่โรงแรมนี้ ""นาโอมิ"" จึงเป็นความหวังเดียวที่จะช่วยกระชากหน้ากากของฆาตกร แต่เมื่อใบหน้าที่เห็นไม่ใช่อย่างที่เป็น ดูเหมือนแต่ละคนจะซุกความอาฆาตซ่อนลึกเอาไว้ภายใต้ ""หน้ากาก"" นิตตะจึงไม่อาจมองข้ามใครไปได้...แม้แต่คนที่ดูไร้พิษสงที่สุด!",https://i.gr-assets.com/images/S/compressed.photo.goodreads.com/books/1509291581l/36497576.jpg
BOOK_U0NSRH40J8,Heads 3,"Keigo Higashino, Motorō Mase, Olivier Vachey, Yuko K., ",3.75,60,1,,https://i.gr-assets.com/images/S/compressed.photo.goodreads.com/books/1381255483l/12155080.jpg
BOOK_A1R2OHQMMS,十字屋的小丑,"Keigo Higashino, 東野圭吾, 王蘊潔, ",3.37,59,5,我們總是想要改變命運，但到頭來，卻是被命運改變……前所未聞的玄機！出人意表的結局！但最吸引人的，永遠還是東野圭吾筆下的人性！我是人稱「悲劇的小丑」，雖然我不能動彈，也無法說話，但我看得見、聽得著，也感覺得到，而我只告訴你，只告訴你這位讀者我所知道的一切秘密……竹宮產業的前董事長竹宮賴子偶然得到了一具小丑人偶，謠傳擁有這個小丑的人必會招來不幸，而不幸的悲劇，果然就在賴子從竹宮家的豪宅「十字屋」跳樓身亡後揭開了序幕。在賴子尾七法事的隔天，賴子的丈夫宗彥和他的情婦理惠子，被發現慘死在十字屋的地下室！這究竟是殉情還是他殺？然而死亡並未結束，下一位死者是寄宿在竹宮家的研究生青江，他似乎是因為掌握了命案的關鍵而慘遭毒手。賴子的姪女水穗與追蹤這具小丑的人偶師悟淨，循著青江留下的線索繼續追查。真正的兇手到底是誰？事件的真相只有這具「悲劇的小丑」全部看在眼底……,https://i.gr-assets.com/images/S/compressed.photo.goodreads.com/books/1407401924l/22882415.jpg
BOOK_1C04UL60Z3,天使之耳,"Keigo Higashino, 東野圭吾, 羊恩媺, ",3.33,76,7,Alternative cover edition can be found HERE違反交通規則，「後果」絕對比你想的要可怕！　　東野圭吾連續入圍「日本推理作家協會賞」的短篇傑作！　　日本亞馬遜網路書店讀者四顆半星激讚好評！　　特別收錄東野圭吾「交通警察」系列創作秘辛檔案！　　沒有目擊者，並不代表沒有人「看見」！　　然而，她所擁有的天使之耳，卻早已如心靈之眼般「看」穿了這世上的謊言……　　深夜的十字路口，發生了汽車對撞事故，進口車的車頭狠狠地撞進了小客車的駕駛座。不過進口車幾乎沒什麼變形，小客車卻宛如紙屑般被揉成一團……意外發生的原因疑似其中一方闖紅燈，由於小客車的駕駛傷重身亡，因此唯一可以為死者辯護的，只有那坐在後座、宛如奇蹟般毫髮無傷的盲眼妹妹！　　雖然眼睛看不見，但她所擁有的過人聽力與記憶力卻成為最有力的佐證！警方透過她在車禍當下聽見的種種聲音，逐漸拼湊出整起意外的輪廓，並推算出車禍發生於零點零秒至四十八秒之間，而這分秒之差的關鍵，全取決在她的一「耳」之間……,https://i.gr-assets.com/images/S/compressed.photo.goodreads.com/books/1292659595l/9946518.jpg
BOOK_MWZFCDWI0J,危險維納斯,"Keigo Higashino, 東野圭吾, 王蘊潔, ",3.60,90,3,There is no description.,https://i.gr-assets.com/images/S/compressed.photo.goodreads.com/books/1544680964l/42956590.jpg
BOOK_ONFO03DV2W,あの頃ぼくらはアホでした [Ano koro bokura wa aho deshita],"Keigo Higashino, 東野 圭吾, ",3.29,42,4,東野圭吾 首本青春解密30年作家生涯首本、經典個人散文集誰能想像百萬大作家的青春歲月居然這麼蠢！！東野大神的中學時代，「就這樣被送進縣內的公立國中(其實是不良少年大本營)就讀，但「瘋狂的二十四期生」卻讓黑暗時代再度降臨H中……他們也太威了唄，為了幹架籃球場上大膽揮舞塑膠鎚，隨身攜帶螺絲起子、小刀!!!……原本青春的籃球比賽就在警車、救護車的鳴笛聲和老師的叫罵聲中戲劇性落幕。」東野大神的高中時代，「(明明就不可能考上，真不知道哪根神經不對……)雖然重考一年卻妄想自己能成為『慶應BOY』，考試當天打開英文考卷，媽啊!!!!連題目都是全英文。算了，還是看著監考官那性感的屁股打發時間好了。啊！我X起了！」東野大神的大學時代，「大學就是要談戀愛！所以我變身『聯誼魔』，卻鳥事一堆……好不容易看上一個女生，卻感冒發燒，臥病在床；讓人想像力無限膨脹的京都女大生，卻變成「關西歐巴桑四人組」；原本想破壞朋友的戀情，卻意外讓他們交往！拉不下臉的我只好自圓其說地說，『感謝我吧，這可是我想的妙計啊……』」這麼蠢卻很好笑的東野圭吾，讓人超有親近感~,https://i.gr-assets.com/images/S/compressed.photo.goodreads.com/books/1381255185l/1995981.jpg
BOOK_24PTJ6X86B,ฆาตกรรมเหนือเมฆ,"Keigo Higashino, ดนูรัตน์ ทุ่งบูรพา, ",3.20,163,33,แอร์โฮสเตสสายการบิน NJA ชื่อเล่น A โกะ กับ B โกะ เป็นคู่หูที่ใครๆ ในบริษัทรู้จักกันดี เพราะเข้าทำงานรุ่นเดียวกัน และเช่าห้องอยู่ด้วยกัน เป็นคู่หูคู่ต่าง ทั้งเรื่องรูปร่างหน้าตาและนิสัยใจคอ ทั้งสองสาวคู่นี้ได้บังเอิญเจอคดีประหลาด ภรรยาของผู้โดยสารที่พวกหล่อนให้บริการเมื่อช่วงกลางวันถูกฆ่าในห้องพักโรงแรม ซึ่งใช้ระบบล็อกประตูอัตโนมัติ ทั้งสองจะคลี่คลายคดีปริศนาอันยากเย็นราวกับไขว่คว้าก้อนเมฆได้อย่างไร,https://i.gr-assets.com/images/S/compressed.photo.goodreads.com/books/1636545305l/59585249._SY475_.jpg
BOOK_7F74X8493A,時生 [Tokio],"Keigo Higashino, 東野 圭吾, ",3.88,322,30,There is no description.,https://i.gr-assets.com/images/S/compressed.photo.goodreads.com/books/1381249532l/1995983.jpg
BOOK_9EMXT7CMVE,名探偵の掟 [Meitantei no okite],"Keigo Higashino, 東野 圭吾, ",3.45,195,30,There is no description.,https://i.gr-assets.com/images/S/compressed.photo.goodreads.com/books/1381250286l/1996006.jpg
BOOK_KFRU3LR0UU,歪笑小説,"Keigo Higashino, 東野 圭吾, ",3.77,62,6,There is no description.,https://i.gr-assets.com/images/S/compressed.photo.goodreads.com/books/1457014012l/15758202._SX318_.jpg
BOOK_SCZX27Z2L2,同級生 [Dōkyūsei],"Keigo Higashino, 東野 圭吾, ",3.41,102,4,There is no description.,https://i.gr-assets.com/images/S/compressed.photo.goodreads.com/books/1381253765l/1995990.jpg
BOOK_9NOK9G7I3J,黒笑小説,"Keigo Higashino, 東野 圭吾, ",3.60,114,7,,https://i.gr-assets.com/images/S/compressed.photo.goodreads.com/books/1381250121l/3694054.jpg
BOOK_HHFXM868XA,東野圭吾ミステリー「ウインクで乾杯」,"Keigo Higashino, 東野 圭吾, 松枝 尚嗣, ",3.56,9,0,There is no description.,https://i.gr-assets.com/images/S/compressed.photo.goodreads.com/books/1413634453l/23391604.jpg
BOOK_Q5DXIG0CA7,在大雪封閉的山莊裡,"Keigo Higashino, 東野圭吾, 王蘊潔, ",3.38,100,7,There is no description.,https://i.gr-assets.com/images/S/compressed.photo.goodreads.com/books/1383634088l/18753902.jpg
BOOK_C7GKS2GN7J,偵探俱樂部,"Keigo Higashino, 東野圭吾, 王蘊潔, ",3.37,68,3,There is no description.,https://i.gr-assets.com/images/S/compressed.photo.goodreads.com/books/1331733892l/13541352.jpg
BOOK_GE6DGC7PZC,殺人の門 [Satsujin no mon],"Keigo Higashino, 東野 圭吾, ",3.59,130,25,,https://i.gr-assets.com/images/S/compressed.photo.goodreads.com/books/1381250044l/1996000.jpg
BOOK_XNZOW3UX16,鳥人計画 [Chōjin keikaku],"Keigo Higashino, 東野 圭吾, ",2.78,36,2,,https://i.gr-assets.com/images/S/compressed.photo.goodreads.com/books/1381255567l/3190033.jpg
BOOK_YK2OBCUE1E,หน้าที่กับนาทีชีวิต,"Keigo Higashino, ดนูรัตน์ ทุ่งบูรพา, ",3.88,128,19,โรงพยาบาลมหาวิทยาลัยเทโตะ จู่ๆ ได้รับจดหมายขู่ว่าถ้าไม่เปิดเผยความผิดพลาดทางการแพทย์ จะทำลายโรงพยาบาลศาสตราจารย์นิชิโซโนะ ศัลยแพทย์มือทองของแผนกศัลยกรรมหัวใจและหลอดเลือดยืนยันว่า โรงพยาบาลแห่งนี้ไม่เคยปิดบังความผิดพลาดทางการแพทย์ ทว่า ฮิมุโระ ยูกิ แพทย์ฝึกหัดไม่อาจเชื่อคำพูดนั้น เพราะแคลงใจว่าที่พ่อของหล่อนเสียชีวิตในการผ่าตัด เป็นเจตนาของนิชิโซโนะ ... วันนั้นเกิดอะไรขึ้นในห้องผ่าตัด และวันนี้จะมีอะไรเกิดขึ้น วิกฤตร้ายที่ไม่มีใครรู้กำลังจู่โจมโรงพยาบาลมหาวิทยาลัยแห่งนี้,https://i.gr-assets.com/images/S/compressed.photo.goodreads.com/books/1613473753l/57096678._SX318_.jpg
BOOK_EGTRR6M0G5,白鳥とコウモリ,"Keigo Higashino, ",4.16,32,6,"幸せな日々は、もう手放さなければならない。遺体で発見された善良な弁護士。一人の男が殺害を自供し事件は解決――のはずだった。「すべて、私がやりました。すべての事件の犯人は私です」2017年東京、1984年愛知を繋ぐ、ある男の""告白""、その絶望――そして希望。「罪と罰の問題はとても難しくて、簡単に答えを出せるものじゃない」私たちは未知なる迷宮に引き込まれる――。作家生活35周年記念作品『白夜行』『手紙』……新たなる最高傑作、東野圭吾版『罪と罰』。",https://i.gr-assets.com/images/S/compressed.photo.goodreads.com/books/1628673770l/58292650._SX318_.jpg
BOOK_HCY3XRH6M7,學生街殺人,"Keigo Higashino, 東野圭吾, 王蘊潔, ",3.50,62,4,There is no description.,https://i.gr-assets.com/images/S/compressed.photo.goodreads.com/books/1393640442l/20937950.jpg
BOOK_84OSHLLHAV,當時的某人,"Keigo Higashino, 東野圭吾, 劉姿君, ",3.44,64,4,出道三十週年．珍貴短篇初次集結東野圭吾——經典名作的起點！★2012年話題日劇《東野圭吾推理劇場》，長澤雅美、妻夫木聰、篠原涼子等All Star陣容共襄盛舉！★收錄電影《祕密》原型、《名偵探的守則》系列開山之作★特別獻禮：作者親撰後記，追溯名作背後的創意源頭 若你震撼於《白夜行》的驚世駭俗，嘆服《惡意》的精巧反轉，難忘《新參者》的溫厚人情，請千萬不要錯過！最美好的年代，往往會留下最深的陰影。你是否遺忘了生命中的「某人」？津田彌生，英法口譯。正打算與男友分手，男友竟陳屍住處，接著陌生人一個一個找上她，莫名其妙捲入富豪的遺囑丟失風波……淺野葉子，律師。好心收留在雨夜中迷路的年輕女孩，卻發現警方在尋找的凶嫌與女孩的特徵一模一樣……根岸峰和，入贅女婿。夫婦倆決定收養一名男嬰，待妻子歡喜離開，聽著仲介人聊起代理孕母的話題，他惡寒頓生……杉本平介，鰥夫。在一場車禍中失去老婆，倖存的女兒在病房中睜開眼，第一聲呼喚的居然是「老公」……筒井，菜鳥上班族。跟心儀的女神共進晚餐後，一陣頭暈目眩，醒來驚覺脖子套著繩索，吊在天花板上……明明是平凡度日的人，為何命運偏偏朝他們丟,https://i.gr-assets.com/images/S/compressed.photo.goodreads.com/books/1558816624l/46013928._SX318_.jpg
BOOK_5NMPRKXDJH,挑戰？,"Keigo Higashino, 東野圭吾, 王蘊潔, ",3.50,8,1,There is no description.,https://i.gr-assets.com/images/S/compressed.photo.goodreads.com/books/1575877591l/49160235._SX318_.jpg
BOOK_0P5ZRT2H1K,유성의 인연 1,"Keigo Higashino, 히가시노 게이고, 양윤옥, ",3.78,9,0,,
BOOK_RPEHOW7LW8,濒死之眼【神探伽利略系列第七弹 惊悚与罪恶之杰作】 (东野圭吾作品),"东野圭吾 (Higashino Keigo), 匡匡, ",3.17,6,0,,https://i.gr-assets.com/images/S/compressed.photo.goodreads.com/books/1584811046l/52567928._SY475_.jpg
BOOK_4HE6QIXY5Z,透明な螺旋,"Keigo Higashino, 東野 圭吾, ",3.67,6,1,,https://i.gr-assets.com/images/S/compressed.photo.goodreads.com/books/1646035595l/59075216.jpg
BOOK_Y9EWPCCII8,科學？,"Keigo Higashino, 東野圭吾, 王蘊潔, ",2.40,5,1,There is no description.,https://i.gr-assets.com/images/S/compressed.photo.goodreads.com/books/1590217674l/50711302._SX318_.jpg
BOOK_M2WN50EFOX,Long Corridor,"Keigo Higashino, ",4.50,2,0,"Keigo Higashino is a Japanese author chiefly known for his mystery novels. He served as the 13th President of Mystery Writers of Japan from 2009 to 2013. Higashino has won major Japanese awards for his books, almost twenty of which have been turned into films and TV series. This is a long mystery novel by Japanese writer Keigo Higashino. This time, a dead person was to carefully plan and revenge his own death. Readers will fall into the trap set by the author without knowing it. At the end of the reading, readers might think they already know the truth, but there is something mysterious in it!",
BOOK_4G730JLZ42,"Goodbye, Shinobu Takeuchi","Keigo Higashino, ",4.00,1,0,Keigo Higashino is a Japanese author chiefly known for his mystery novels. He served as the 13th President of Mystery Writers of Japan from 2009 to 2013. He won the 31st Edogawa Rampo Prize in 1985 for his novel After School. This is a long story full of suspense and energy. The protagonist is a a female detective who is cute and creates countess laughters. The focus of this novel talks about a world lack of worries!,https://i.gr-assets.com/images/S/compressed.photo.goodreads.com/books/1582687272l/51691425._SX318_.jpg
BOOK_Q1MBT1AFWT,살인의 문 1,"Keigo Higashino, 히가시노 게이고, 이혁재, ",4.33,3,0,"“그놈을 죽이고 싶다”악의 화신인 한 남자, 그리고 일생을 그에게 농락당하는 또 한 남자.두 남자의 끈질긴 악연이 빚어내는 ‘증오’와 ‘살의’에 관한 일대 서사시히가시노 게이고의 장편 『살인의 문』(전 2권)은 어린 시절부터 친구에게 철저히 인생을 농락당해 온 한 남자의 처절한 자기고백이다. 또한 서서히 침몰해가는 주인공이 불타는 복수심과 살인 충동을 증폭시키는 심리적 과정을 주인공 일인칭 시점의 섬세한 필치로 묘사한 문제작이다. 인간 내면의 어두운 심연, 부조리한 사회의 단면을 날카롭게 묘사해 온 작가 특유의 솜씨가 유감없이 발휘되어 있다는 점에서는 부도덕한 사회를 살아가는 인간 군상의 갖가지 모습과 심리를 파헤친 사회심리 소설에 가깝다고도 할 수 있다.소설은 외견상 다지마를 일방적인 피해자로, 구라모치를 악의 화신으로 설정하고 있지만, “함께 있으면 끊임없이 신선한 경험을 할 수 있기 때문에”, 또는 “악행을 보면서도 손 놓고 있기 때문에” 다지마는 구라모치에게 번번이 속고 계속해서 같은 잘못을 반복한다. 독자들은 소설을 읽어 가면서 구라모치가 나타날 때마다 불길한 생각을 떠올리고, 그 나쁜 예감은 어김없이 적중해 참혹한 결과로 귀결된다. “가즈유키, 제발 정신 차려”라고 응원하지만, ‘인간다운’ 주인공에게 매번 배신당하면서 숨이 막히는 듯한 답답함을 느끼게 된다. 그럼에도 독자들이 좀처럼 책을 놓을 수 없는 이유는『살인의 문』이 ‘사회파 작가’라는 명성에 걸맞게 부조리한 사회 속에 놓인 갖가지 인간 군상의 심리와 프로세스를 소름 끼치도록 리얼하고 섬세한 필치로 그려 내는 히가시노 게이고의 필력을 유감없이 드러냄과 동시에 반전에 반전을 거듭하는 미스터리적인 요소가 독자를 한없이 소설 속의 세계로 끌어들이기 때문일 것이다.",https://i.gr-assets.com/images/S/compressed.photo.goodreads.com/books/1546838105l/43490885._SX318_.jpg
BOOK_3F95RD67WB,I Killed Him,"Keigo Higashino, ",4.00,1,0,,https://i.gr-assets.com/images/S/compressed.photo.goodreads.com/books/1613978326l/57158589._SX318_.jpg
BOOK_29EC1VOTAG,유성의 인연 2,"Keigo Higashino, 히가시노 게이고, 양윤옥, ",4.11,9,0,,
BOOK_E5C5DILR6X,Magical Fetal Movement,"Keigo Higashino, ",4.00,1,0,There is no description.,https://i.gr-assets.com/images/S/compressed.photo.goodreads.com/books/1585158919l/52561716._SX318_.jpg
BOOK_99EXEVX22G,Amazing Japanese,"Keigo Higashino, ",0.00,0,0,,https://i.gr-assets.com/images/S/compressed.photo.goodreads.com/books/1620569881l/57988253._SX318_.jpg
BOOK_OMEPHWA53F,히가시노 게이고의 무한도전,"Keigo Higashino, 히가시노 게이고, 양윤옥, ",2.00,1,1,,
BOOK_YRDVF0KABC,夢はトリノをかけめぐる [Yume wa Torino o kakemeguru],"Keigo Higashino, 東野 圭吾, ",3.25,4,1,"그 이름이 하나의 장르가 된 작가 히가시노 게이고의 국내 첫 에세이! 매년 신작을 발표하는 엄청난 집필 속도와 그럼에도 놀라운 완성도, 거의 전 작품을 베스트셀러 목록에 올리는 작가로서의 저력… ‘믿고 읽는 작가’ 히가시노 게이고. 그럼에도 산문을 거의 쓰지 않는 작가이기에 그의 일상을 담은 에세이는 좀처럼 읽을 기회가 없었다. 처음 만나는 히가시노 게이고 에세이 『꿈은 토리노를 달리고』가 드디어 비채에서 출간되었다. 제목 그대로, 2006년 이탈리아 토리노 동계 올림픽 관전기를 담고 있다. 스키, 스노보드 등을 소재로 한 소설을 내기도 한 작가는 자타공인 동계 스포츠 마니아답게 각 종목에 대한 풍부한 식견을 뽐내기도 하고, ‘팬심’을 숨기지 못하기도 한다. 혹한과 맞서는 동계 올림픽 특유의 열기에 감탄하다가도 끊임없이 투덜대는데 왠지 밉지 않은 ‘귀여운 아저씨’ 히가시노 게이고의 매력 때문에 자꾸만 웃음이 터진다. 곳곳에 담긴, 일러스트레이터 이우일의 재치 가득한 그림은 보너스!",https://i.gr-assets.com/images/S/compressed.photo.goodreads.com/books/1505029182l/36214729._SX318_.jpg
BOOK_WYTBLRUB0R,Suspicious People,"Keigo Higashino, ",0.00,0,0,,https://i.gr-assets.com/images/S/compressed.photo.goodreads.com/books/1640705092l/59959793._SY475_.jpg
BOOK_I8OSYV63D3,살인의 문 2,"Keigo Higashino, 이혁재, 히가시노 게이고, ",5.00,2,0,"“그놈을 죽이고 싶다”악의 화신인 한 남자, 그리고 일생을 그에게 농락당하는 또 한 남자.두 남자의 끈질긴 악연이 빚어내는 ‘증오’와 ‘살의’에 관한 일대 서사시히가시노 게이고의 장편 『살인의 문』(전 2권)은 어린 시절부터 친구에게 철저히 인생을 농락당해 온 한 남자의 처절한 자기고백이다. 또한 서서히 침몰해가는 주인공이 불타는 복수심과 살인 충동을 증폭시키는 심리적 과정을 주인공 일인칭 시점의 섬세한 필치로 묘사한 문제작이다. 인간 내면의 어두운 심연, 부조리한 사회의 단면을 날카롭게 묘사해 온 작가 특유의 솜씨가 유감없이 발휘되어 있다는 점에서는 부도덕한 사회를 살아가는 인간 군상의 갖가지 모습과 심리를 파헤친 사회심리 소설에 가깝다고도 할 수 있다.소설은 외견상 다지마를 일방적인 피해자로, 구라모치를 악의 화신으로 설정하고 있지만, “함께 있으면 끊임없이 신선한 경험을 할 수 있기 때문에”, 또는 “악행을 보면서도 손 놓고 있기 때문에” 다지마는 구라모치에게 번번이 속고 계속해서 같은 잘못을 반복한다. 독자들은 소설을 읽어 가면서 구라모치가 나타날 때마다 불길한 생각을 떠올리고, 그 나쁜 예감은 어김없이 적중해 참혹한 결과로 귀결된다. “가즈유키, 제발 정신 차려”라고 응원하지만, ‘인간다운’ 주인공에게 매번 배신당하면서 숨이 막히는 듯한 답답함을 느끼게 된다. 그럼에도 독자들이 좀처럼 책을 놓을 수 없는 이유는『살인의 문』이 ‘사회파 작가’라는 명성에 걸맞게 부조리한 사회 속에 놓인 갖가지 인간 군상의 심리와 프로세스를 소름 끼치도록 리얼하고 섬세한 필치로 그려 내는 히가시노 게이고의 필력을 유감없이 드러냄과 동시에 반전에 반전을 거듭하는 미스터리적인 요소가 독자를 한없이 소설 속의 세계로 끌어들이기 때문일 것이다.",https://i.gr-assets.com/images/S/compressed.photo.goodreads.com/books/1546838155l/43490898._SX318_.jpg
BOOK_OLQF9BFCT4,The Ultra Murder Case,"Keigo Higashino, ",5.00,1,0,There is no description.,https://i.gr-assets.com/images/S/compressed.photo.goodreads.com/books/1586226582l/52990166.jpg
BOOK_Y37XWCLCXZ,ឃាតកម្ម​អាថ៌កំបាំង​នៅ​បាតទន្លេ,"Keigo Higashino, Rachny Im, ",4.33,3,0,,https://i.gr-assets.com/images/S/compressed.photo.goodreads.com/books/1639021121l/59778747._SX318_.jpg
BOOK_3ZIYXPM9R5,Science,"Keigo Higashino, ",0.00,0,0,There is no description.,https://i.gr-assets.com/images/S/compressed.photo.goodreads.com/books/1585156873l/52561685._SX318_.jpg
BOOK_X335R9TUKI,Masquerade Night,"Keigo Higashino, ",4.00,1,0,"A young lady was murdered. The police receive a letter informing them that the murderer will be at the Cortecia hotel's New Year count down party, but who? Front desk clerk Naomi Yamagishi works with the police to unmask the murderer, but can they find him before time runs out?",
BOOK_NXG3QYW5C0,【先行無料配信】プラチナデータ＜ライト版＞ (幻冬舎文庫),"Keigo Higashino, 東野 圭吾, ",4.00,1,0,,https://i.gr-assets.com/images/S/compressed.photo.goodreads.com/books/1593236926l/54284906._SY475_.jpg
BOOK_QW0SO8R3IO,Paradox-13 (Hardcover),"Keigo Higashino, ",0.00,0,0,,https://i.gr-assets.com/images/S/compressed.photo.goodreads.com/books/1652699296l/61107541._SX318_.jpg
BOOK_BYKPTOCXZ4,きみが見つける物語 恋愛編,"Hiro Arikawa, 有川 浩, 梨屋 アリエ, Otsuichi, Yusuke Yamada, 山田 悠介, Keigo Higashino, 東野 圭吾, ",3.67,3,1,There is no description.,https://i.gr-assets.com/images/S/compressed.photo.goodreads.com/books/1508687955l/6044495._SX318_.jpg
BOOK_8I4MB75UEG,放課後 [Hōkago],"Kayoko Shimotsuki, Keigo Higashino, ",3.18,17,3,There is no description.,https://i.gr-assets.com/images/S/compressed.photo.goodreads.com/books/1381255022l/9017583.jpg
